ticker,date,TotalDebt,WorkingCapital,AccountsReceivable,FreeCashFlow,FinancingCashFlow,OperatingCashFlow
A,2018-10-31,1799000000.0,2677000000,776000000.0,910000000,-797000000,1087000000
A,2019-10-31,2407000000.0,1109000000,930000000.0,865000000,-299000000,1021000000
A,2020-10-31,2359000000.0,1948000000,1038000000.0,802000000,-717000000,921000000
A,2021-10-31,2729000000.0,2091000000,1172000000.0,1296000000,-696000000,1485000000
ABT,2018-12-31,19566000000.0,5620000000,5182000000.0,4906000000,-10391000000,6300000000
ABT,2019-12-31,18894000000.0,4804000000,5425000000.0,4498000000,-4289000000,6136000000
ABT,2020-12-31,19649000000.0,8534000000,6414000000.0,5724000000,-2779000000,7901000000
ABT,2021-12-31,19006000000.0,11134000000,6487000000.0,8648000000,-5494000000,10533000000
ADI,2018-10-31,6332674000.0,705988000,639717000.0,2187485000,-2358042000,2442361000
ADI,2019-10-31,5491919000.0,476494000,635136000.0,1977728000,-2126794000,2253100000
ADI,2020-10-31,5145102000.0,1152702000,737536000.0,1842795000,-1420608000,2008487000
ADI,2021-10-31,6822451000.0,2608005000,1459056000.0,2391393000,-3959664000,2735069000
AEP,2018-12-31,25256700000.0,-4534900000,699000000.0,-1133800000,1161900000,5223200000
AEP,2019-12-31,30532500000.0,-6221300000,625300000.0,-1873600000,2862900000,4270100000
AEP,2020-12-31,34431500000.0,-5575200000,613600000.0,-2483100000,2406700000,3832900000
AEP,2021-12-31,36658900000.0,-4617500000,720900000.0,-1924200000,2607100000,3839900000
AGCO,2018-12-31,1459500000.0,770700000,880300000.0,392600000,-413300000,595900000
AGCO,2019-12-31,1493800000.0,844600000,800500000.0,422500000,-313400000,695900000
AGCO,2020-12-31,1742300000.0,1005600000,856000000.0,626600000,22700000,896500000
AGCO,2021-12-31,1619600000.0,1559500000,991500000.0,390400000,-539500000,660200000
AMAT,2018-10-31,5309000000.0,6679000000,2565000000.0,3165000000,-5928000000,3787000000
AMAT,2019-10-31,5313000000.0,5759000000,2533000000.0,2806000000,-3115000000,3247000000
AMAT,2020-10-31,5707000000.0,8910000000,2963000000.0,3382000000,-1337000000,3804000000
AMAT,2021-10-31,5753000000.0,9763000000,4953000000.0,4774000000,-4591000000,5442000000
AMD,2018-12-31,1250000000.0,1556000000,1235000000.0,-129000000,28000000,34000000
AMD,2019-12-31,728000000.0,2238000000,1859000000.0,276000000,43000000,493000000
AMD,2020-12-31,531000000.0,3726000000,2066000000.0,777000000,6000000,1071000000
AMD,2021-12-31,661000000.0,4343000000,2706000000.0,3220000000,-1895000000,3521000000
AMGN,2018-12-31,33929000000.0,24130000000,3580000000.0,10558000000,-22490000000,11296000000
AMGN,2019-12-31,29903000000.0,5605000000,4057000000.0,8532000000,-15767000000,9150000000
AMGN,2020-12-31,32986000000.0,9491000000,4525000000.0,9889000000,-4867000000,10497000000
AMGN,2021-12-31,33309000000.0,7201000000,4895000000.0,8381000000,-8271000000,9261000000
AMKR,2018-12-31,1332311000.0,512785000,724456000.0,116288000,-40623000,663410000
AMKR,2019-12-31,1591434000.0,941730000,850753000.0,91417000,108250000,563850000
AMKR,2020-12-31,1301148000.0,816945000,962643000.0,217012000,-333719000,770033000
AMKR,2021-12-31,1317085000.0,1176828000,1258767000.0,341516000,-30102000,1121295000
AMZN,2018-12-31,39787000000.0,6710000000,16677000000.0,17296000000,-7686000000,30723000000
AMZN,2019-12-31,63205000000.0,8522000000,20816000000.0,21653000000,-10066000000,38514000000
AMZN,2020-12-31,84389000000.0,6348000000,24542000000.0,25924000000,-1104000000,66064000000
AMZN,2021-12-31,116395000000.0,19314000000,32891000000.0,-14726000000,6291000000,46327000000
ANF,2019-01-31,296776000.0,777033000,73112000.0,200540000,-131691000,352933000
ANF,2020-01-31,1767426000.0,449395000,80251000.0,97901000,-147873000,300685000
ANF,2021-01-31,1550344000.0,702230000,83857000.0,303008000,69717000,404918000
ANF,2022-01-31,1223661000.0,492519000,69102000.0,180803000,-446898000,277782000
APH,2018-12-31,3570700000.0,2120300000,1791800000.0,802100000,-1070100000,1112700000
APH,2019-12-31,3606700000.0,2078500000,1736400000.0,1207300000,-648400000,1502300000
APH,2020-12-31,3866500000.0,3186500000,1951600000.0,1315200000,-516600000,1592000000
APH,2021-12-31,4799900000.0,3511100000,2454800000.0,1179700000,-145200000,1540100000
ARW,2018-12-31,3485372000.0,4817872000,8945463000.0,117354000,-36833000,272690000
ARW,2019-12-31,2971560000.0,4268000000,8482687000.0,707188000,-906369000,857995000
ARW,2020-12-31,2256573000.0,4022016000,9205343000.0,1235545000,-1227097000,1359843000
ARW,2021-12-31,2627062000.0,4567234000,11123946000.0,335932000,-463304000,418983000
AVGO,2018-10-31,17493000000.0,6769000000,3325000000.0,8245000000,-11118000000,8880000000
AVGO,2019-10-31,32798000000.0,3018000000,3259000000.0,9265000000,6488000000,9697000000
AVGO,2020-10-31,41062000000.0,5524000000,2297000000.0,11598000000,1611000000,12061000000
AVGO,2021-10-31,39730000000.0,10305000000,2071000000.0,13321000000,-8974000000,13764000000
AVT,2018-06-30,1654599000.0,4641138000,3641139000.0,97612000,-541893000,253485000
AVT,2019-06-30,1720460000.0,4297760000,3168369000.0,412080000,-582676000,534770000
AVT,2020-06-30,1731874000.0,4048440000,2928386000.0,656666000,-644550000,730182000
AVT,2021-06-30,1512591000.0,4108183000,3576130000.0,40586000,-314013000,90949000
AWR,2018-12-31,416907000.0,-15117000,23395000.0,10213000,-1805000,136774000
AWR,2019-12-31,499928000.0,6458000,20907000.0,-35076000,30524000,116864000
AWR,2020-12-31,586555000.0,38543000,29162000.0,-8253000,44843000,122170000
AWR,2021-12-31,629017000.0,-17522000,34416000.0,-28931000,-2266000,115584000
BA,2018-12-31,13847000000.0,6240000000,3936000000.0,13531000000,-11722000000,15322000000
BA,2019-12-31,27302000000.0,4917000000,3337000000.0,-4407000000,5739000000,-2446000000
BA,2020-12-31,63851000000.0,34362000000,2385000000.0,-19713000000,34955000000,-18410000000
BA,2021-12-31,58370000000.0,26674000000,3026000000.0,-4396000000,-5600000000,-3416000000
BAX,2018-12-31,3477000000.0,3083000000,1812000000.0,1415000000,-2603000000,2096000000
BAX,2019-12-31,5961000000.0,4273000000,1896000000.0,1408000000,498000000,2104000000
BAX,2020-12-31,6804000000.0,5078000000,2077000000.0,1159000000,-345000000,1868000000
BAX,2021-12-31,18310000000.0,4636000000,2629000000.0,1479000000,8245000000,2222000000
BDX,2018-09-30,21495000000.0,195000000,2319000000.0,1970000000,-58000000,2865000000
BDX,2019-09-30,19390000000.0,1009000000,2345000000.0,2371000000,-3223000000,3328000000
BDX,2020-09-30,17930000000.0,3133000000,2398000000.0,2729000000,22000000,3539000000
BDX,2021-09-30,17610000000.0,2212000000,2497000000.0,3416000000,-3306000000,4647000000
BIIB,2018-12-31,5936500000.0,4345700000,2485400000.0,5301600000,-4472000000,6187700000
BIIB,2019-12-31,6367500000.0,3518000000,2470700000.0,6409100000,-5860400000,7078600000
BIIB,2020-12-31,7828200000.0,3144900000,2327300000.0,3678000000,-5272700000,4229800000
BIIB,2021-12-31,7603500000.0,3558300000,1961700000.0,3345000000,-2086200000,3639900000
BKR,2018-12-31,7227000000.0,5951000000,4974000000.0,767000000,-4363000000,1762000000
BKR,2019-12-31,6622000000.0,5208000000,5448000000.0,886000000,-1534000000,2126000000
BKR,2020-12-31,7633000000.0,6228000000,4676000000.0,330000000,225000000,1304000000
BKR,2021-12-31,6727000000.0,5937000000,4724000000.0,1518000000,-2143000000,2374000000
BMY,2018-12-31,7349000000.0,6506000000,4636000000.0,4989000000,-3535000000,5940000000
BMY,2019-12-31,47538000000.0,11050000000,6476000000.0,7231000000,7621000000,8067000000
BMY,2020-12-31,51673000000.0,11112000000,7219000000.0,13299000000,-1151000000,14052000000
BMY,2021-12-31,45596000000.0,11394000000,7979000000.0,15234000000,-16224000000,16207000000
BSX,2018-12-31,7030000000.0,-1257000000,1608000000.0,-6000000,1432000000,310000000
BSX,2019-12-31,10277000000.0,-167000000,1828000000.0,1375000000,2973000000,1836000000
BSX,2020-12-31,9539000000.0,3013000000,1531000000.0,1132000000,293000000,1508000000
BSX,2021-12-31,9451000000.0,2043000000,1778000000.0,1316000000,-95000000,1870000000
BWA,2018-12-31,2113300000.0,1405700000,1727700000.0,579900000,-383400000,1126500000
BWA,2019-12-31,2045000000.0,1507000000,1713000000.0,527000000,-420000000,1008000000
BWA,2020-12-31,4006000000.0,2357000000,2636000000.0,723000000,437000000,1184000000
BWA,2021-12-31,4522000000.0,2799000000,2522000000.0,638000000,286000000,1306000000
CARR,2018-12-31,0.0,1643000000,2549000000.0,1792000000,-2627000000,2055000000
CARR,2019-12-31,682000000.0,1490000000,2444000000.0,1759000000,-1967000000,2002000000
CARR,2020-12-31,11030000000.0,3414000000,2567000000.0,1380000000,-681000000,1692000000
CARR,2021-12-31,10223000000.0,4780000000,2403000000.0,1893000000,-1562000000,2237000000
CAT,2018-12-31,36553000000.0,10385000000,17452000000.0,3642000000,-3650000000,6558000000
CAT,2019-12-31,37657000000.0,12572000000,17904000000.0,4243000000,-4538000000,6912000000
CAT,2020-12-31,37163000000.0,13747000000,16780000000.0,4212000000,-3755000000,6327000000
CAT,2021-12-31,37789000000.0,13608000000,17375000000.0,4726000000,-4188000000,7198000000
CDW,2018-12-31,3208600000.0,993700000,2671200000.0,819800000,-754800000,905900000
CDW,2019-12-31,3448400000.0,842700000,3002200000.0,790900000,-749800000,1027200000
CDW,2020-12-31,4566300000.0,2055200000,3212600000.0,1156300000,138800000,1314300000
CDW,2021-12-31,7352800000.0,1382100000,4499400000.0,684600000,832800000,784600000
CL,2018-12-31,6366000000.0,452000000,1400000000.0,2620000000,-2679000000,3056000000
CL,2019-12-31,8483000000.0,141000000,1440000000.0,2798000000,-870000000,3133000000
CL,2020-12-31,8214000000.0,-66000000,1264000000.0,3309000000,-2919000000,3719000000
CL,2021-12-31,7833000000.0,346000000,1297000000.0,2758000000,-2774000000,3325000000
CLX,2018-06-30,2483000000.0,111000000,600000000.0,780000000,-399000000,974000000
CLX,2019-06-30,2683000000.0,-135000000,631000000.0,786000000,-815000000,992000000
CLX,2020-06-30,3122000000.0,602000000,648000000.0,1292000000,-523000000,1546000000
CLX,2021-06-30,3166000000.0,-227000000,604000000.0,945000000,-1391000000,1276000000
CMI,2018-12-31,2476000000.0,3434000000,3866000000.0,1594000000,-1400000000,2378000000
CMI,2019-12-31,2868000000.0,3127000000,3670000000.0,2406000000,-2095000000,3181000000
CMI,2020-12-31,4617000000.0,5562000000,3440000000.0,2147000000,280000000,2722000000
CMI,2021-12-31,4613000000.0,5225000000,3565000000.0,1470000000,-2227000000,2256000000
CNHI,2018-12-31,24445000000.0,23544000000,399000000.0,652000000,-723000000,2554000000
CNHI,2019-12-31,25303000000.0,24496000000,416000000.0,-136000000,206000000,1826000000
CNHI,2020-12-31,26506000000.0,25550000000,506000000.0,3679000000,659000000,5529000000
CNHI,2021-12-31,24162000000.0,23159000000,357000000.0,2049000000,-1445000000,4082000000
COKE,2018-12-31,1139651000.0,195681000,427749000.0,30644000,-28288000,168879000
COKE,2019-12-31,1169515000.0,208081000,419770000.0,114342000,-120627000,290370000
COKE,2020-12-31,1155998000.0,201760000,403825000.0,292427000,-248863000,494461000
COKE,2021-12-31,938603000.0,234092000,454934000.0,357069000,-272291000,521755000
COP,2018-12-31,14968000000.0,5879000000,4067000000.0,6184000000,-9359000000,12934000000
COP,2019-12-31,14895000000.0,9870000000,3401000000.0,4468000000,-5229000000,11104000000
COP,2020-12-31,15369000000.0,6700000000,2754000000.0,87000000,-2708000000,4802000000
COP,2021-12-31,19934000000.0,4029000000,6670000000.0,11672000000,-6335000000,16996000000
COST,2018-08-31,6487000000.0,363000000,1669000000.0,2805000000,-1281000000,5774000000
COST,2019-08-31,6823000000.0,248000000,1535000000.0,3358000000,-1147000000,6356000000
COST,2020-08-31,10167000000.0,3276000000,1550000000.0,6051000000,-1147000000,8861000000
COST,2021-08-31,10133000000.0,64000000,1803000000.0,5370000000,-6488000000,8958000000
CR,2018-12-31,949200000.0,622700000,515800000.0,305000000,-7900000,413800000
CR,2019-12-31,1106900000.0,583200000,555100000.0,325100000,-124600000,393900000
CR,2020-12-31,1328500000.0,517100000,432700000.0,275400000,55100000,309500000
CR,2021-12-31,944200000.0,949000000,472400000.0,446800000,-557900000,498500000
CSCO,2018-07-31,25569000000.0,34802000000,5554000000.0,12832000000,-31764000000,13666000000
CSCO,2019-07-31,24666000000.0,16043000000,5491000000.0,14922000000,-27889000000,15831000000
CSCO,2020-07-31,14583000000.0,18242000000,5472000000.0,14656000000,-18886000000,15426000000
CSCO,2021-07-31,11526000000.0,12855000000,5766000000.0,14762000000,-12039000000,15454000000
CTAS,2018-05-31,2535309000.0,1202075000,804583000.0,692461000,-864140000,964160000
CTAS,2019-05-31,2849771000.0,1108547000,910120000.0,791143000,-873305000,1067862000
CTAS,2020-05-31,2705431000.0,1424504000,870369000.0,1061194000,-955207000,1291483000
CTAS,2021-05-31,2716527000.0,909224000,901710000.0,1217270000,-879868000,1360740000
CTVA,2018-12-31,2068000000.0,3842000000,5409000000.0,-1018000000,-2624000000,483000000
CTVA,2019-12-31,122000000.0,5281000000,4225000000.0,-93000000,-2929000000,1070000000
CTVA,2020-12-31,1105000000.0,6220000000,3754000000.0,1589000000,303000000,2064000000
CTVA,2021-12-31,1117000000.0,5988000000,3441000000.0,2154000000,-1266000000,2727000000
CVX,2018-12-31,34459000000.0,6850000000,15050000000.0,16826000000,-13699000000,30618000000
CVX,2019-12-31,26973000000.0,1799000000,13325000000.0,13198000000,-19758000000,27314000000
CVX,2020-12-31,44315000000.0,3895000000,11471000000.0,1655000000,-3736000000,10577000000
CVX,2021-12-31,31369000000.0,6947000000,18419000000.0,21131000000,-23113000000,29187000000
D,2018-12-31,35175000000.0,-2486000000,1749000000.0,519000000,-2209000000,4773000000
D,2019-12-31,37897000000.0,-3851000000,2278000000.0,224000000,-704000000,5204000000
D,2020-12-31,37014000000.0,-3957000000,2295000000.0,-793000000,-2333000000,5227000000
D,2021-12-31,40581000000.0,-1404000000,2219000000.0,-1923000000,2371000000,4037000000
DAN,2018-12-31,1783000000.0,1160000000,1065000000.0,243000000,-180000000,568000000
DAN,2019-12-31,2552000000.0,1317000000,1103000000.0,211000000,479000000,637000000
DAN,2020-12-31,2651000000.0,1347000000,1201000000.0,60000000,-12000000,386000000
DAN,2021-12-31,2669000000.0,1412000000,1321000000.0,-211000000,-127000000,158000000
DD,2018-12-31,40464000000.0,24888000000,12376000000.0,760000000,-1918000000,4731000000
DD,2019-12-31,17447000000.0,1653000000,2954000000.0,-1268000000,-11550000000,1409000000
DD,2020-12-31,21811000000.0,6178000000,2810000000.0,2831000000,3238000000,4095000000
DD,2021-12-31,10782000000.0,3803000000,2062000000.0,-956000000,-6507000000,2281000000
DE,2018-10-31,42256300000.0,21385300000,5004300000.0,-1129800000,876400000,1820300000
DE,2019-10-31,45334000000.0,24364000000,5230000000.0,-37000000,509000000,3412000000
DE,2020-10-31,46295000000.0,27880000000,4171000000.0,4827000000,-980000000,7483000000
DE,2021-10-31,48691000000.0,30347000000,4208000000.0,5146000000,-1078000000,7726000000
DELL,2019-01-31,53521000000.0,-8834000000,12371000000.0,5494000000,-14329000000,6991000000
DELL,2020-01-31,53848000000.0,-15588000000,12484000000.0,6715000000,-4604000000,9291000000
DELL,2021-01-31,50207000000.0,-10565000000,12788000000.0,9325000000,-5950000000,11407000000
DELL,2022-01-31,26954000000.0,-11186000000,12912000000.0,7511000000,-16609000000,10307000000
DHR,2018-12-31,9740300000.0,2252300000,3489600000.0,3366300000,-797400000,4022000000
DHR,2019-12-31,22526000000.0,20664500000,3191400000.0,3316100000,16365900000,3951600000
DHR,2020-12-31,22178000000.0,6400000000,4045000000.0,5417000000,1006000000,6208000000
DHR,2021-12-31,23272000000.0,3508000000,4631000000.0,7064000000,1295000000,8358000000
DUK,2018-12-31,57939000000.0,-5327000000,3134000000.0,-2203000000,2960000000,7186000000
DUK,2019-12-31,62693000000.0,-5589000000,3060000000.0,-2913000000,3730000000,8209000000
DUK,2020-12-31,64076000000.0,-7623000000,3153000000.0,-1051000000,1731000000,8856000000
DUK,2021-12-31,68213000000.0,-5991000000,3610000000.0,-1425000000,2609000000,8290000000
ECL,2018-12-31,7045200000.0,992100000,2662500000.0,1430600000,-1172700000,2277700000
ECL,2019-12-31,6932500000.0,1197800000,2796500000.0,1620100000,-1349600000,2420700000
ECL,2020-12-31,7112700000.0,2185200000,2273800000.0,1371200000,-341800000,1860200000
ECL,2021-12-31,9155900000.0,1133900000,2478400000.0,1418900000,1603200000,2061900000
ED,2018-12-31,20711000000.0,-2343000000,1267000000.0,-802000000,2938000000,2695000000
ED,2019-12-31,22539000000.0,-2015000000,1236000000.0,-352000000,859000000,3134000000
ED,2020-12-31,25079000000.0,-2053000000,1701000000.0,-1711000000,2245000000,2198000000
ED,2021-12-31,25362000000.0,124000000,1943000000.0,-1220000000,461000000,2733000000
EIX,2018-12-31,15431000000.0,-2036000000,730000000.0,-1332000000,82000000,3177000000
EIX,2019-12-31,19586000000.0,-1963000000,788000000.0,-5184000000,4903000000,-307000000
EIX,2020-12-31,24147000000.0,-5216000000,1130000000.0,-4221000000,3727000000,1263000000
EIX,2021-12-31,29533000000.0,-3118000000,1398000000.0,-5345000000,5218000000,158000000
EL,2018-06-30,3544000000.0,2858000000,1487000000.0,1944000000,-1172000000,2573000000
EL,2019-06-30,3412000000.0,2607000000,1831000000.0,1773000000,-2173000000,2517000000
EL,2020-06-30,8789000000.0,3713000000,1194000000.0,1657000000,1461000000,2280000000
EL,2021-06-30,8099000000.0,4470000000,1702000000.0,2994000000,-1892000000,3631000000
ELY,2018-12-31,49929000.0,221669000,71374000.0,55457000,-75070000,92282000
ELY,2019-12-31,759270000.0,266104000,140455000.0,31848000,492516000,86550000
ELY,2020-12-31,894868000.0,521355000,138482000.0,188976000,96066000,228238000
ELY,2021-12-31,2952698000.0,299728000,105331000.0,-44017000,-124072000,278257000
EOG,2018-12-31,6083262000.0,1329026000,1915215000.0,1692133000,-839103000,7768608000
EOG,2019-12-31,5544808000.0,786351000,2001658000.0,1740654000,-1513321000,8163180000
EOG,2020-12-31,6111494000.0,2402064000,1522256000.0,1543083000,-359025000,5007783000
EOG,2021-12-31,5907000000.0,4542000000,2335000000.0,4941000000,-3493000000,8791000000
EQNR,2018-12-31,25727000000.0,9450000000,6777000000.0,8327000000,-5024000000,19694000000
EQNR,2019-12-31,29032000000.0,5221000000,6483000000.0,3545000000,-5496000000,13749000000
EQNR,2020-12-31,38115000000.0,12365000000,6543000000.0,1910000000,2991000000,10386000000
EQNR,2021-12-31,36239000000.0,23362000000,14002000000.0,20776000000,-4836000000,28816000000
ES,2018-12-31,14631725000.0,-1820658000,994055000.0,-739393000,729937000,1783978000
ES,2019-12-31,15570655000.0,-1191024000,989383000.0,-901912000,1172450000,2009577000
ES,2020-12-31,17968509000.0,-1784869000,1195925000.0,-1260424000,2594590000,1682572000
ES,2021-12-31,20219036000.0,-2576919000,1226069000.0,-1212480000,1440832000,1962600000
ETN,2018-12-31,7521000000.0,2436000000,3858000000.0,2093000000,-2581000000,2658000000
ETN,2019-12-31,8653000000.0,3596000000,3437000000.0,2864000000,-1494000000,3451000000
ETN,2020-12-31,8384000000.0,3297000000,2904000000.0,2555000000,-3258000000,2944000000
ETN,2021-12-31,8916000000.0,299000000,3297000000.0,1588000000,-535000000,2163000000
EVRG,2018-12-31,8526700000.0,-1186200000,16700000.0,428100000,-1538400000,1497800000
EVRG,2019-12-31,9949800000.0,-868200000,7200000.0,226700000,-403900000,822800000
EVRG,2020-12-31,10321100000.0,-731500000,5300000.0,193500000,-98400000,1753800000
EVRG,2021-12-31,11165500000.0,-1392600000,13700000.0,-620800000,443400000,1351700000
FLEX,2019-03-31,3054515000.0,1505919000,2612961000.0,-3696630000,-29704000,-2971024000
FLEX,2020-03-31,3367206000.0,1875185000,2435982000.0,-1995021000,-508460000,-1533276000
FLEX,2021-03-31,4345000000.0,3529000000,4106000000.0,-207000000,743000000,144000000
FLEX,2022-03-31,4748000000.0,3626000000,3371000000.0,581000000,280000000,1024000000
FLS,2018-12-31,1483047000.0,1302170000,792434000.0,106838000,-173284000,190831000
FLS,2019-12-31,1564880000.0,1392482000,795538000.0,246571000,-229654000,312741000
FLS,2020-12-31,1938142000.0,1762700000,749179000.0,253132000,147587000,310537000
FLS,2021-12-31,1502242000.0,1256872000,715016000.0,195183000,-599707000,250119000
FTNT,2021-12-31,988400000.0,1282500000,807700000.0,1203800000,82800000,1499700000
FTNT,2018-12-31,,964500000,444500000.0,585900000,-202600000,638900000
FTNT,2019-12-31,,1295400000,544300000.0,715800000,-195600000,808000000
FTNT,2020-12-31,,910900000,720000000.0,957800000,-1171600000,1083700000
FTS,2018-12-31,24787000000.0,-991000000,538000000.0,-614000000,644000000,2604000000
FTS,2019-12-31,23216000000.0,-1602000000,504000000.0,-1057000000,154000000,2663000000
FTS,2020-12-31,24863000000.0,-1536000000,595000000.0,-1338000000,1327000000,2701000000
FTS,2021-12-31,25947000000.0,-2074000000,621000000.0,-479000000,451000000,2907000000
GD,2018-12-31,12417000000.0,3450000000,3759000000.0,2458000000,5086000000,3148000000
GD,2019-12-31,13433000000.0,2979000000,3544000000.0,1994000000,-1997000000,2981000000
GD,2020-12-31,14409000000.0,5579000000,3161000000.0,2891000000,-903000000,3858000000
GD,2021-12-31,13175000000.0,6009000000,3041000000.0,3384000000,-4590000000,4271000000
GE,2018-12-31,109956000000.0,55278000000,27573000000.0,-3810000000,-31033000000,4246000000
GE,2019-12-31,94046000000.0,59297000000,15728000000.0,2677000000,-16133000000,8772000000
GE,2020-12-31,75066000000.0,32343000000,14724000000.0,194000000,-19852000000,3597000000
GE,2021-12-31,38032000000.0,14397000000,13079000000.0,1971000000,-45177000000,3332000000
GILD,2018-12-31,27322000000.0,25231000000,3327000000.0,7476000000,-12318000000,8400000000
GILD,2019-12-31,24593000000.0,20537000000,3582000000.0,8319000000,-7634000000,9144000000
GILD,2020-12-31,31402000000.0,4599000000,4892000000.0,7518000000,770000000,8168000000
GILD,2021-12-31,26695000000.0,3162000000,4493000000.0,10805000000,-8877000000,11384000000
GLW,2018-12-31,5998000000.0,3723000000,1940000000.0,609000000,-1995000000,2919000000
GLW,2019-12-31,8252000000.0,3942000000,1836000000.0,44000000,-47000000,2031000000
GLW,2020-12-31,8701000000.0,4237000000,2133000000.0,803000000,-729000000,2180000000
GLW,2021-12-31,7829000000.0,2853000000,2004000000.0,1775000000,-2452000000,3412000000
GM,2018-12-31,104951000000.0,-6944000000,33399000000.0,-10241000000,11454000000,15256000000
GM,2019-12-31,104334000000.0,-9913000000,33398000000.0,-8975000000,-4677000000,15021000000
GM,2020-12-31,110863000000.0,1014000000,34244000000.0,-3863000000,5552000000,16670000000
GM,2021-12-31,110391000000.0,7695000000,34043000000.0,-6923000000,1744000000,15188000000
GPS,2019-01-31,1249000000.0,2077000000,359000000.0,676000000,-749000000,1381000000
GPS,2020-01-31,7677000000.0,1307000000,316000000.0,366000000,-560000000,1411000000
GPS,2021-01-31,7664000000.0,2124000000,363000000.0,-155000000,895000000,237000000
GPS,2022-01-31,6251000000.0,1088000000,399000000.0,115000000,-1471000000,809000000
GWW,2018-12-31,2220000000.0,2056000000,1385000000.0,818000000,-670000000,1057000000
GWW,2019-12-31,2215000000.0,1877000000,1425000000.0,821000000,-1023000000,1042000000
GWW,2020-12-31,2397000000.0,2478000000,1474000000.0,926000000,-726000000,1123000000
GWW,2021-12-31,2762000000.0,2483000000,1754000000.0,682000000,-1039000000,937000000
HAL,2018-12-31,10457000000.0,6349000000,5234000000.0,1131000000,-1419000000,3157000000
HAL,2019-12-31,11349000000.0,6334000000,4577000000.0,915000000,-695000000,2445000000
HAL,2020-12-31,10836000000.0,5054000000,3071000000.0,1153000000,-1007000000,1881000000
HAL,2021-12-31,10219000000.0,5637000000,3666000000.0,1112000000,-838000000,1911000000
HAS,2018-12-31,1704832000.0,1808180000,1188052000.0,505571000,-737101000,645997000
HAS,2019-12-31,4046960000.0,5490439000,1410597000.0,519425000,2810573000,653061000
HAS,2020-12-31,5099212000.0,1443304000,1391726000.0,850586000,405949000,976340000
HAS,2021-12-31,4025100000.0,1272200000,1500400000.0,685200000,-1459800000,817900000
HD,2019-01-31,29202000000.0,1813000000,1640000000.0,10596000000,-12420000000,13038000000
HD,2020-01-31,37377000000.0,1435000000,1738000000.0,11045000000,-10834000000,13723000000
HD,2021-01-31,43422000000.0,5311000000,2550000000.0,16376000000,-2983000000,18839000000
HD,2022-01-31,46269000000.0,362000000,2901000000.0,14005000000,-19120000000,16571000000
HES,2018-12-31,6672000000.0,2256000000,1001000000.0,-158000000,-2526000000,1939000000
HES,2019-12-31,7932000000.0,646000000,1170000000.0,-1187000000,52000000,1642000000
HES,2020-12-31,9075000000.0,1458000000,860000000.0,-864000000,568000000,1333000000
HES,2021-12-31,9141000000.0,1282000000,1211000000.0,1143000000,-591000000,2890000000
HON,2018-12-31,16214000000.0,5438000000,7508000000.0,5606000000,-5032000000,6434000000
HON,2019-12-31,16707000000.0,6205000000,7493000000.0,6058000000,-6600000000,6897000000
HON,2020-12-31,23212000000.0,8978000000,6827000000.0,5302000000,-81000000,6208000000
HON,2021-12-31,20631000000.0,5864000000,6830000000.0,5143000000,-8254000000,6038000000
HPE,2018-10-31,12141000000.0,74000000,3117000000.0,8000000,-5592000000,2964000000
HPE,2019-10-31,13820000000.0,-4016000000,6323000000.0,1141000000,-1548000000,3997000000
HPE,2020-10-31,17027000000.0,-2182000000,6975000000.0,-143000000,883000000,2240000000
HPE,2021-10-31,14578000000.0,-1809000000,7705000000.0,3369000000,-3364000000,5871000000
HPQ,2018-10-31,5987000000.0,-3744000000,5113000000.0,3982000000,-5643000000,4528000000
HPQ,2019-10-31,5137000000.0,-5116000000,6031000000.0,3983000000,-4845000000,4654000000
HPQ,2020-10-31,7396000000.0,-5572000000,5381000000.0,3736000000,-2973000000,4316000000
HPQ,2021-10-31,8778000000.0,-6926000000,5511000000.0,5827000000,-5962000000,6409000000
HUN,2018-12-31,2320000000.0,1347000000,1272000000.0,894000000,-424000000,1207000000
HUN,2019-12-31,2815000000.0,1747000000,953000000.0,623000000,-450000000,897000000
HUN,2020-12-31,2584000000.0,1589000000,910000000.0,4000000,-655000000,253000000
HUN,2021-12-31,1971000000.0,1877000000,1186000000.0,610000000,-977000000,952000000
IBM,2018-12-31,45812000000.0,10919000000,7432000000.0,11283000000,-10469000000,15247000000
IBM,2019-12-31,68158000000.0,719000000,7870000000.0,11863000000,9042000000,14770000000
IBM,2020-12-31,66469000000.0,-704000000,7132000000.0,14967000000,-9721000000,18197000000
IBM,2021-12-31,55139000000.0,-4080000000,6754000000.0,10028000000,-13354000000,12796000000
IMO,2018-12-31,5180000000.0,1400000000,2529000000.0,2431000000,-2570000000,3922000000
IMO,2019-12-31,5333000000.0,1734000000,2699000000.0,2793000000,-1995000000,4429000000
IMO,2020-12-31,5279000000.0,1144000000,1919000000.0,-70000000,-943000000,798000000
IMO,2021-12-31,5323000000.0,2259000000,3869000000.0,4368000000,-3082000000,5476000000
INTC,2018-12-31,26359000000.0,12161000000,6722000000.0,14251000000,-18607000000,29432000000
INTC,2019-12-31,29001000000.0,8929000000,7659000000.0,16932000000,-17565000000,33145000000
INTC,2020-12-31,36401000000.0,22495000000,6782000000.0,20931000000,-12917000000,35384000000
INTC,2021-12-31,38101000000.0,30256000000,9457000000.0,9662000000,-5862000000,29991000000
IR,2018-12-31,1672100000.0,734800000,525400000.0,392300000,-373000000,444500000
IR,2019-12-31,1628500000.0,969300000,459100000.0,300100000,-11500000,343300000
IR,2020-12-31,3956900000.0,2363500000,966600000.0,865600000,328700000,914300000
IR,2021-12-31,3475500000.0,2647200000,948600000.0,551400000,-1157000000,615500000
ITT,2018-12-31,116200000.0,773000000,531700000.0,276300000,-128800000,371800000
ITT,2019-12-31,182400000.0,887100000,562300000.0,266300000,-101500000,357700000
ITT,2020-12-31,212000000.0,1046300000,492500000.0,372200000,-158600000,435900000
ITT,2021-12-31,291600000.0,793800000,530400000.0,-96000000,-99800000,-7600000
ITW,2018-12-31,7380000000.0,2236000000,2622000000.0,2447000000,-3964000000,2811000000
ITW,2019-12-31,7937000000.0,4099000000,2461000000.0,2669000000,-2326000000,2995000000
ITW,2020-12-31,8310000000.0,3934000000,2506000000.0,2571000000,-2049000000,2807000000
ITW,2021-12-31,7881000000.0,2904000000,2840000000.0,2261000000,-2564000000,2557000000
JBL,2018-08-31,2518699000.0,319050000,1693268000.0,-102801000,-47044000,933850000
JBL,2019-08-31,2496465000.0,-187020000,2745226000.0,187586000,-415772000,1193066000
JBL,2020-08-31,3141240000.0,75402000,2847743000.0,274240000,-65123000,1257275000
JBL,2021-08-31,3319000000.0,194000000,3141000000.0,274000000,-413000000,1433000000
JCI,2018-09-30,10995000000.0,573000000,7065000000.0,1483000000,-3752000000,2513000000
JCI,2019-09-30,7219000000.0,3323000000,5770000000.0,616000000,-10554000000,1202000000
JCI,2020-09-30,7819000000.0,1805000000,5294000000.0,1776000000,-2937000000,2219000000
JCI,2021-09-30,7740000000.0,900000000,5613000000.0,1935000000,-2131000000,2487000000
JNJ,2018-12-31,30480000000.0,14803000000,14098000000.0,18531000000,-18510000000,22201000000
JNJ,2019-12-31,27696000000.0,9310000000,14481000000.0,19918000000,-18015000000,23416000000
JNJ,2020-12-31,35266000000.0,8744000000,13576000000.0,20189000000,-6120000000,23536000000
JNJ,2021-12-31,33751000000.0,15753000000,15283000000.0,19758000000,-14047000000,23410000000
JNPR,2018-12-31,2139000000.0,2739300000,754600000.0,713700000,-968600000,861100000
JNPR,2019-12-31,1842000000.0,1665900000,879700000.0,419300000,-1228800000,528900000
JNPR,2020-12-31,2290800000.0,1110100000,964100000.0,511600000,-222400000,612000000
JNPR,2021-12-31,1829000000.0,1080100000,994400000.0,589700000,-1131700000,689700000
KHC,2018-12-31,31168000000.0,1572000000,2129000000.0,1748000000,-3363000000,2574000000
KHC,2019-12-31,29244000000.0,222000000,1973000000.0,2784000000,-3913000000,3552000000
KHC,2020-12-31,28306000000.0,2761000000,2063000000.0,4333000000,-3331000000,4929000000
KHC,2021-12-31,21815000000.0,-70000000,1957000000.0,4459000000,-9344000000,5364000000
KLAC,2018-06-30,2237402000.0,3330917000,651678000.0,1162159000,-1270103000,1229120000
KLAC,2019-06-30,3423382000.0,2546589000,990113000.0,1022134000,-360005000,1152632000
KLAC,2020-06-30,3569549000.0,3023759000,1107413000.0,1626175000,-1299635000,1778850000
KLAC,2021-06-30,3545828000.0,3593021000,1305479000.0,1953398000,-1497881000,2185026000
KMB,2018-12-31,7455000000.0,-1495000000,2050000000.0,2093000000,-2115000000,2970000000
KMB,2019-12-31,7877000000.0,-1862000000,2131000000.0,1527000000,-1792000000,2736000000
KMB,2020-12-31,8497000000.0,-1269000000,2132000000.0,2512000000,-1567000000,3729000000
KMB,2021-12-31,8704000000.0,-1184000000,2092000000.0,1723000000,-1696000000,2730000000
KO,2018-12-31,43555000000.0,1411000000,3396000000.0,6280000000,-10347000000,7627000000
KO,2019-12-31,42763000000.0,-6562000000,3971000000.0,8417000000,-9004000000,10471000000
KO,2020-12-31,42793000000.0,4639000000,3144000000.0,8667000000,-8070000000,9844000000
KO,2021-12-31,42761000000.0,2595000000,3512000000.0,11258000000,-6786000000,12625000000
LEA,2018-12-31,1963800000.0,1779900000,2880300000.0,1102800000,-1030500000,1779800000
LEA,2019-12-31,2440900000.0,1740500000,2982600000.0,680400000,-361900000,1284300000
LEA,2020-12-31,2430800000.0,1700000000,3269200000.0,210800000,-411700000,663100000
LEA,2021-12-31,2721600000.0,2005300000,3041500000.0,85000000,-13600000,670100000
LEN,2018-11-30,10117058000.0,19599171000,189471000.0,1581170000,-2195901000,1711609000
LEN,2019-11-30,9573696000.0,21170780000,706969000.0,1395846000,-1629224000,1482343000
LEN,2020-11-30,7421583000.0,21624847000,772968000.0,4118067000,-2446575000,4190819000
LEN,2021-11-30,6378364000.0,23823268000,1051574000.0,2467602000,-2404735000,2532774000
LHX,2018-06-30,3790000000.0,435000000,468000000.0,615000000,-805000000,751000000
LHX,2019-06-30,3522000000.0,310000000,457000000.0,1024000000,-781000000,1185000000
LHX,2019-12-31,781000000.0,2523000000,1216000000.0,1388000000,-2410000000,1655000000
LHX,2020-12-31,7652000000.0,2427000000,1344000000.0,2422000000,-3112000000,2790000000
LHX,2021-12-31,7829000000.0,1808000000,1045000000.0,2345000000,-4413000000,2687000000
LII,2018-12-31,1041300000.0,80900000,472700000.0,400300000,-537800000,495500000
LII,2019-12-31,1354900000.0,118200000,477800000.0,290500000,-423400000,396100000
LII,2020-12-31,1178400000.0,386300000,448300000.0,533900000,-441800000,612400000
LII,2021-12-31,1437600000.0,348300000,508300000.0,408700000,-498700000,515500000
LLY,2018-12-31,12770900000.0,8661500000,5246500000.0,2506300000,-5904900000,5524500000
LLY,2019-12-31,15803900000.0,1934400000,4547300000.0,3483100000,-2324500000,4836600000
LLY,2020-12-31,16595300000.0,4980500000,5875300000.0,4470500000,-3137100000,6499600000
LLY,2021-12-31,16884700000.0,3399700000,6672800000.0,5387500000,-4131300000,7260700000
LMT,2018-12-31,14104000000.0,1705000000,2444000000.0,1860000000,-4152000000,3138000000
LMT,2019-12-31,12654000000.0,3123000000,2337000000.0,5827000000,-5328000000,7311000000
LMT,2020-12-31,12169000000.0,5445000000,1978000000.0,6417000000,-4527000000,8183000000
LMT,2021-12-31,11676000000.0,5818000000,1963000000.0,7699000000,-7616000000,9221000000
LNT,2018-12-31,5944000000.0,-859000000,80500000.0,527700000,530700000,527700000
LNT,2019-12-31,6527600000.0,-1178600000,84300000.0,660400000,619100000,660400000
LNT,2020-12-31,7166000000.0,-410000000,101000000.0,501000000,488000000,501000000
LNT,2021-12-31,7883000000.0,-985000000,93000000.0,582000000,130000000,582000000
LOW,2019-01-31,16223000000.0,-269000000,,5019000000,-5124000000,6193000000
LOW,2020-01-31,23750000000.0,136000000,,2812000000,-2735000000,4296000000
LOW,2021-01-31,26211000000.0,3596000000,,9258000000,-5191000000,11049000000
LOW,2022-01-31,29384000000.0,392000000,,8260000000,-12016000000,10113000000
LRCX,2018-06-30,2416592000.0,5999603000,2176936000.0,2382278000,-3272057000,2655747000
LRCX,2019-06-30,4489899000.0,6188759000,1455522000.0,2872522000,-2390080000,3176013000
LRCX,2020-06-30,5810725000.0,7691093000,2097099000.0,1923212000,-623930000,2126451000
LRCX,2021-06-30,4995061000.0,8124520000,3026430000.0,3239067000,-4166982000,3588163000
LSCC,2018-12-31,259647000.0,215005000,60890000.0,34951000,-16841000,51458000
LSCC,2019-12-31,172670000.0,162611000,64917000.0,98946000,-109912000,124137000
LSCC,2020-12-31,193751000.0,254112000,64581000.0,70819000,-8101000,91687000
LSCC,2021-12-31,182877000.0,195170000,79859000.0,146025000,-128613000,167722000
LUV,2018-12-31,3377000000.0,-2877000000,568000000.0,2917000000,-2496000000,4893000000
LUV,2019-12-31,3996000000.0,-2978000000,1086000000.0,2960000000,-2990000000,3987000000
LUV,2020-12-31,12199000000.0,7667000000,81000000.0,-1642000000,9658000000,-1127000000
LUV,2021-12-31,12281000000.0,8872000000,141000000.0,1811000000,359000000,2322000000
MCK,2019-03-31,7595000000.0,839000000,14941000000.0,3479000000,-2227000000,4036000000
MCK,2020-03-31,9401000000.0,-402000000,17201000000.0,3868000000,-2734000000,4374000000
MCK,2021-03-31,9405000000.0,1279000000,17106000000.0,3901000000,-1693000000,4542000000
MCK,2022-03-31,7542000000.0,-2235000000,16438000000.0,3899000000,-6321000000,4434000000
MDT,2019-04-30,25315000000.0,13495000000,6222000000.0,5873000000,-5431000000,7007000000
MDT,2020-04-30,24797000000.0,11665000000,4645000000.0,6021000000,-4198000000,7234000000
MDT,2021-04-30,26389000000.0,14039000000,5462000000.0,4885000000,-4136000000,6240000000
MG,2018-12-31,303617000.0,102320000,148324000.0,20539000,113969000,41664000
MG,2019-12-31,282020000.0,69915000,135997000.0,36190000,-44137000,59110000
MG,2020-12-31,245444000.0,52741000,107628000.0,52030000,-44169000,67802000
MG,2021-12-31,226122000.0,39923000,109511000.0,22985000,-23245000,42261000
MHK,2018-12-31,3257974000.0,1243057000,1562284000.0,387234000,198029000,1181344000
MHK,2019-12-31,2899986000.0,1716874000,1491592000.0,873299000,-789877000,1418761000
MHK,2020-12-31,3066910000.0,2992406000,1591503000.0,1344282000,-188185000,1769839000
MHK,2021-12-31,2726609000.0,2292002000,1721584000.0,632999000,-1232225000,1309119000
MMM,2018-12-31,14697000000.0,6465000000,5020000000.0,4862000000,-6701000000,6439000000
MMM,2019-12-31,21278000000.0,3749000000,4791000000.0,5371000000,-1124000000,7070000000
MMM,2020-12-31,19753000000.0,7034000000,4705000000.0,6612000000,-5300000000,8113000000
MMM,2021-12-31,18310000000.0,6368000000,4660000000.0,5851000000,-6145000000,7454000000
MPC,2018-12-31,27524000000.0,4807000000,5853000000.0,2580000000,222000000,6158000000
MPC,2019-12-31,31317000000.0,4023000000,7872000000.0,4067000000,-3376000000,9441000000
MPC,2020-12-31,33095000000.0,12624000000,5760000000.0,-368000000,-135000000,2419000000
MPC,2021-12-31,26904000000.0,12598000000,11034000000.0,2896000000,-14419000000,4360000000
MRK,2018-12-31,25114000000.0,3669000000,7071000000.0,8307000000,-13160000000,10922000000
MRK,2019-12-31,26346000000.0,5263000000,6778000000.0,9967000000,-8861000000,13440000000
MRK,2020-12-31,31791000000.0,437000000,7851000000.0,5569000000,-2832000000,10253000000
MRK,2021-12-31,33102000000.0,6394000000,9230000000.0,9661000000,2593000000,14109000000
MRO,2018-12-31,5499000000.0,1089000000,1079000000.0,481000000,-859000000,3234000000
MRO,2019-12-31,5501000000.0,390000000,1122000000.0,199000000,-535000000,2749000000
MRO,2020-12-31,5404000000.0,399000000,747000000.0,130000000,-286000000,1473000000
MRO,2021-12-31,4014000000.0,184000000,1142000000.0,2193000000,-2391000000,3239000000
MRVL,2019-01-31,1732699000.0,758462000,493122000.0,509283000,849737000,596744000
MRVL,2020-01-31,1583464000.0,827331000,492346000.0,273664000,-853949000,360297000
MRVL,2021-01-31,1329689000.0,540048000,536668000.0,697781000,-596780000,817287000
MRVL,2022-01-31,4726477000.0,1104908000,1048583000.0,632247000,2790828000,819368000
MSFT,2018-06-30,81808000000.0,111174000000,26481000000.0,32252000000,-33590000000,43884000000
MSFT,2019-06-30,78366000000.0,106132000000,29524000000.0,38260000000,-36887000000,52185000000
MSFT,2020-06-30,70998000000.0,109605000000,32011000000.0,45234000000,-46031000000,60675000000
MSFT,2021-06-30,67775000000.0,95749000000,38043000000.0,56118000000,-48486000000,76740000000
MSI,2018-12-31,5320000000.0,1176000000,1293000000.0,878000000,220000000,1075000000
MSI,2019-12-31,5748000000.0,739000000,1412000000.0,1575000000,-1144000000,1823000000
MSI,2020-12-31,5703000000.0,838000000,1390000000.0,1396000000,-966000000,1613000000
MSI,2021-12-31,6130000000.0,1349000000,1386000000.0,1594000000,-429000000,1837000000
MU,2018-08-31,4639000000.0,10285000000,5056000000.0,8521000000,-7776000000,17400000000
MU,2019-08-31,5851000000.0,10113000000,2778000000.0,3409000000,-2438000000,13189000000
MU,2020-08-31,7176000000.0,11330000000,3494000000.0,83000000,-317000000,8306000000
MU,2021-08-31,7280000000.0,13483000000,4920000000.0,2438000000,-1781000000,12468000000
NEE,2018-12-31,37712000000.0,-11170000000,2302000000.0,583000000,7634000000,6593000000
NEE,2019-12-31,42583000000.0,-6445000000,2282000000.0,-2922000000,3873000000,8155000000
NEE,2020-12-31,48091000000.0,-8176000000,2263000000.0,224000000,6174000000,7983000000
NEE,2021-12-31,54827000000.0,-8149000000,3378000000.0,-277000000,5807000000,7553000000
NEU,2018-12-31,770999000.0,542119000,276667000.0,123273000,-145427000,197911000
NEU,2019-12-31,714888000.0,570503000,289737000.0,277778000,-208079000,337212000
NEU,2020-12-31,670659000.0,585623000,284759000.0,190838000,-231463000,284154000
NEU,2021-12-31,1232631000.0,663086000,316702000.0,86402000,255133000,165336000
NKE,2018-05-31,3810000000.0,9094000000,3498000000.0,3927000000,-4835000000,4955000000
NKE,2019-05-31,3479000000.0,8659000000,4272000000.0,4784000000,-5293000000,5903000000
NKE,2020-05-31,13015000000.0,12272000000,2749000000.0,1399000000,2491000000,2485000000
NKE,2021-05-31,3400000000.0,16617000000,4463000000.0,5962000000,-1459000000,6657000000
NOVN,2018-12-31,8019000.0,289000,,-29732000,35353000,-28625000
NOVN,2019-12-31,6262000.0,2825000,419000.0,-20298000,25816000,-19876000
NOVN,2020-12-31,956000.0,35307000,4863000.0,-31708000,52814000,-31060000
NOVN,2021-12-31,3613000.0,42980000,4473000.0,-33827000,44093000,-24777000
NUE,2018-12-31,4291146000.0,5829965000,2505568000.0,1411421000,-908177000,2393952000
NUE,2019-12-31,4383009000.0,5762596000,2160102000.0,1332120000,-880410000,2809413000
NUE,2020-12-31,5340580000.0,6860802000,2298850000.0,1153658000,285854000,2696877000
NUE,2021-12-31,5684811000.0,7642144000,3853972000.0,4608787000,-3602879000,6230776000
NVDA,2019-01-31,1988000000.0,9228000000,1424000000.0,3143000000,-2866000000,3743000000
NVDA,2020-01-31,2643000000.0,11906000000,1657000000.0,4272000000,-792000000,4761000000
NVDA,2021-01-31,7718000000.0,12130000000,2429000000.0,4694000000,3804000000,5822000000
NVDA,2022-01-31,11687000000.0,24494000000,4650000000.0,8132000000,1865000000,9108000000
NXPI,2018-12-31,7354000000.0,1840000000,792000000.0,3708000000,-4597000000,4369000000
NXPI,2019-12-31,7365000000.0,1476000000,667000000.0,1745000000,-1831000000,2373000000
NXPI,2020-12-31,7609000000.0,2307000000,765000000.0,1960000000,-835000000,2482000000
NXPI,2021-12-31,10572000000.0,2776000000,923000000.0,2145000000,-1585000000,3077000000
OC,2018-12-31,3362000000.0,742000000,794000000.0,266000000,647000000,803000000
OC,2019-12-31,3190000000.0,732000000,770000000.0,590000000,-573000000,1037000000
OC,2020-12-31,3280000000.0,1166000000,919000000.0,828000000,-358000000,1135000000
OC,2021-12-31,3118000000.0,1400000000,939000000.0,1087000000,-881000000,1503000000
ON,2018-12-31,2766100000.0,1698500000,686000000.0,759400000,-605100000,1274200000
ON,2019-12-31,3612500000.0,1201600000,705000000.0,60100000,623100000,694700000
ON,2020-12-31,3491300000.0,1509600000,676000000.0,400700000,-244000000,884300000
ON,2021-12-31,3074600000.0,2238200000,809400000.0,1290000000,-569400000,1782000000
OSK,2018-09-30,818000000.0,1579800000,1521600000.0,336200000,-338900000,436300000
OSK,2019-09-30,819000000.0,1666400000,1082300000.0,394100000,-421600000,568300000
OSK,2020-09-30,823100000.0,1950700000,857600000.0,197100000,-115500000,327300000
OSK,2021-09-30,818800000.0,2266200000,1017300000.0,1106800000,-180400000,1221600000
OTIS,2018-12-31,27000000.0,309000000,2605000000.0,1378000000,-1497000000,1550000000
OTIS,2019-12-31,560000000.0,284000000,2723000000.0,1324000000,-1133000000,1469000000
OTIS,2020-12-31,6497000000.0,-180000000,3309000000.0,1297000000,-844000000,1480000000
OTIS,2021-12-31,7790000000.0,2014000000,3117000000.0,1594000000,58000000,1750000000
OXY,2018-12-31,10317000000.0,2520000000,4893000000.0,2749000000,-3102000000,7669000000
OXY,2019-12-31,40011000000.0,3732000000,6373000000.0,738000000,22193000000,7375000000
OXY,2020-12-31,37299000000.0,596000000,2115000000.0,901000000,-4516000000,3955000000
OXY,2021-12-31,30388000000.0,1887000000,4208000000.0,7661000000,-8572000000,10434000000
PCAR,2018-12-31,9950500000.0,10658100000,12155200000.0,1040000000,71100000,2992300000
PCAR,2019-12-31,11222700000.0,11853600000,13392100000.0,889500000,83400000,2860300000
PCAR,2020-12-31,10853300000.0,12393300000,13018200000.0,1348800000,-1808500000,2987200000
PCAR,2021-12-31,10431800000.0,12883200000,13495900000.0,553900000,-882900000,2186700000
PEP,2018-12-31,32321000000.0,-245000000,6079000000.0,6133000000,-13769000000,9415000000
PEP,2019-12-31,32510000000.0,-2816000000,6447000000.0,5417000000,-8489000000,9649000000
PEP,2020-12-31,44610000000.0,-371000000,6892000000.0,6373000000,3819000000,10613000000
PEP,2021-12-31,40780000000.0,-4437000000,7172000000.0,6991000000,-10780000000,11616000000
PFE,2018-12-31,41265000000.0,18068000000,8025000000.0,13631000000,-20441000000,15827000000
PFE,2019-12-31,52145000000.0,-4501000000,8724000000.0,9994000000,-8485000000,12588000000
PFE,2020-12-31,38274000000.0,9147000000,7930000000.0,11612000000,-9649000000,14403000000
PFE,2021-12-31,36998000000.0,17022000000,11479000000.0,29869000000,-9816000000,32580000000
PG,2018-06-30,31286000000.0,-4917000000,4686000000.0,11150000000,-14375000000,14867000000
PG,2019-06-30,30092000000.0,-7538000000,4951000000.0,11895000000,-9994000000,15242000000
PG,2020-06-30,35372000000.0,-4989000000,4178000000.0,14330000000,-8367000000,17403000000
PG,2021-06-30,32619000000.0,-10041000000,4725000000.0,15584000000,-21531000000,18371000000
PH,2018-06-30,4957025000.0,1887755000,2145517000.0,1352620000,-1681972000,1600287000
PH,2019-06-30,7107845000.0,4521313000,2131054000.0,1535051000,902306000,1730140000
PH,2020-06-30,8461785000.0,1736831000,1854398000.0,1838358000,449310000,2070949000
PH,2021-06-30,6584877000.0,2520247000,2183594000.0,2365044000,-2623339000,2575001000
PNW,2018-12-31,5214632000.0,-723973000,267887000.0,98975000,-92446000,1277144000
PNW,2019-12-31,5811818000.0,-1048335000,266426000.0,-234721000,178768000,956726000
PNW,2020-12-31,6919387000.0,-162114000,313576000.0,-360219000,361138000,966365000
PNW,2021-12-31,8184579000.0,-205769000,391923000.0,-613461000,476916000,860014000
PPL,2018-12-31,22029000000.0,-2131000000,663000000.0,-417000000,690000000,2821000000
PPL,2019-12-31,23044000000.0,-2133000000,687000000.0,-656000000,836000000,2427000000
PPL,2020-12-31,24789000000.0,-3209000000,790000000.0,-503000000,386000000,2746000000
PPL,2021-12-31,11209000000.0,2684000000,583000000.0,297000000,-7390000000,2270000000
QCOM,2018-09-30,16370000000.0,6148000000,2848000000.0,3111000000,-31487000000,3895000000
QCOM,2019-09-30,15933000000.0,7830000000,1046000000.0,6399000000,-6386000000,7286000000
QCOM,2020-09-30,15726000000.0,9847000000,2687000000.0,4407000000,-5707000000,5814000000
QCOM,2021-09-30,15745000000.0,8124000000,2214000000.0,8648000000,-6798000000,10536000000
REGN,2018-12-31,708500000.0,5004800000,2243200000.0,1812000000,-77100000,2195100000
REGN,2019-12-31,713900000.0,5592500000,2672200000.0,2000400000,-252100000,2430000000
REGN,2020-12-31,2695700000.0,7081700000,3516200000.0,2003500000,-1970500000,2618100000
REGN,2021-12-31,2699700000.0,10082400000,6036500000.0,6529400000,-1005800000,7081300000
RL,2019-03-31,924000000.0,2394700000,398100000.0,586100000,-605700000,783800000
RL,2020-03-31,3226900000.0,1283200000,277100000.0,484300000,-438200000,754600000
RL,2021-03-31,3620500000.0,2623200000,451500000.0,273100000,356800000,380900000
ROK,2018-09-30,1776200000.0,593800000,1190100000.0,1174500000,-1888900000,1300000000
ROK,2019-09-30,2256900000.0,1048900000,1178700000.0,1049200000,-985900000,1182000000
ROK,2020-09-30,2363700000.0,875000000,1249100000.0,1006600000,-798900000,1120500000
ROK,2021-09-30,4377800000.0,71200000,1424500000.0,1140700000,1297800000,1261000000
RTX,2018-12-31,45537000000.0,4135000000,14271000000.0,4020000000,7965000000,6322000000
RTX,2019-12-31,46336000000.0,2911000000,13524000000.0,6276000000,-4564000000,8883000000
RTX,2020-12-31,33339000000.0,7528000000,9254000000.0,1639000000,-5274000000,3606000000
RTX,2021-12-31,33142000000.0,6601000000,9661000000.0,4749000000,-6685000000,7071000000
SANM,2018-09-30,607667000.0,612532000,1177219000.0,37543000,-28335000,156424000
SANM,2019-09-30,385325000.0,1237907000,1128379000.0,248291000,-220218000,382965000
SANM,2020-09-30,347999000.0,1296853000,1043334000.0,234573000,-210280000,300555000
SANM,2021-09-30,330322000.0,1518677000,1192434000.0,265046000,-77318000,338342000
SBUX,2018-09-30,9440100000.0,6810000000,693100000.0,9961400000,-3242800000,11937800000
SBUX,2019-09-30,11167000000.0,-514800000,879200000.0,3240400000,-10056900000,5047000000
SBUX,2020-09-30,25258800000.0,459600000,883400000.0,114200000,1713300000,1597800000
SBUX,2021-09-30,23605100000.0,1605000000,940000000.0,4519100000,-3651000000,5989100000
SCS,2019-02-28,487000000.0,353400000,390300000.0,49800000,122300000,131200000
SCS,2020-02-29,741400000.0,497900000,372400000.0,287400000,-81900000,360800000
SCS,2021-02-28,727200000.0,530400000,270300000.0,23500000,-87800000,64800000
SCS,2022-02-28,708900000.0,392000000,332400000.0,-163100000,-120000000,-102600000
SNA,2018-12-31,1132300000.0,1264900000,1309400000.0,673600000,-502200000,764500000
SNA,2019-12-31,1206800000.0,1432900000,1325400000.0,575200000,-409400000,674600000
SNA,2020-12-31,1503900000.0,1918100000,1283400000.0,943000000,-84300000,1008600000
SNA,2021-12-31,1254100000.0,2071200000,1335000000.0,896500000,-818800000,966600000
SO,2018-12-31,46849000000.0,-4703000000,2527000000.0,-1056000000,-1813000000,6945000000
SO,2019-12-31,48686000000.0,-2729000000,2042000000.0,-1774000000,-1930000000,5781000000
SO,2020-12-31,51041000000.0,-3462000000,2269000000.0,-745000000,-576000000,6696000000
SO,2021-12-31,55470000000.0,-1956000000,1806000000.0,-1071000000,1945000000,6169000000
SR,2018-09-30,2629200000.0,-662100000,151900000.0,-42800000,89100000,456600000
SR,2019-09-30,2865800000.0,-854300000,139800000.0,-372400000,371800000,450900000
SR,2020-09-30,3132100000.0,-858600000,131800000.0,-168500000,160000000,469900000
SR,2021-09-30,3666900000.0,-291800000,338400000.0,-375000000,379400000,249800000
STM,2018-12-31,1910000000.0,3734000000,1277000000.0,532000000,-122000000,1845000000
STM,2019-12-31,2127000000.0,4193000000,1380000000.0,619000000,-343000000,1869000000
STM,2020-12-31,2817000000.0,4557000000,1465000000.0,735000000,348000000,2093000000
STM,2021-12-31,2742000000.0,4879000000,1759000000.0,1133000000,-1314000000,3060000000
STX,2018-06-30,4819000000.0,1120000000,1184000000.0,1747000000,-1211000000,2113000000
STX,2019-06-30,4253000000.0,2131000000,989000000.0,1159000000,-2212000000,1761000000
STX,2020-06-30,4238000000.0,1392000000,1115000000.0,1129000000,-1605000000,1714000000
STX,2021-06-30,5193000000.0,858000000,1158000000.0,1128000000,-1673000000,1626000000
SWK,2018-12-31,4198400000.0,567800000,1437100000.0,768800000,-561600000,1260900000
SWK,2019-12-31,3658100000.0,50900000,1284000000.0,1081000000,-292500000,1505700000
SWK,2020-12-31,4385700000.0,1477700000,1345700000.0,1674000000,615900000,2022100000
SWK,2021-12-31,6714900000.0,-241000000,1484500000.0,144000000,918700000,663100000
SWKS,2020-09-30,150700000.0,1869200000,393600000.0,806000000,-907700000,1204500000
SWKS,2021-09-30,2413100000.0,2206900000,756200000.0,1119900000,1677400000,1772000000
SWKS,2018-09-30,,1872500000,655800000.0,829700000,-993700000,1260600000
SWKS,2019-09-30,,1860600000,465300000.0,944000000,-912500000,1367400000
SYK,2018-12-31,9859000000.0,4926000000,2332000000.0,2038000000,1329000000,2610000000
SYK,2019-12-31,11090000000.0,6960000000,2893000000.0,1542000000,3000000,2191000000
SYK,2020-12-31,13991000000.0,4666000000,2701000000.0,2790000000,-11000000,3277000000
SYK,2021-12-31,12479000000.0,5468000000,3022000000.0,2738000000,-2365000000,3263000000
T,2018-12-31,176505000000.0,-12993000000,26472000000.0,22844000000,-25989000000,43602000000
T,2019-12-31,184951000000.0,-14150000000,22636000000.0,29233000000,-25083000000,48668000000
T,2020-12-31,179447000000.0,-11430000000,20215000000.0,27455000000,-32007000000,43130000000
T,2021-12-31,199956000000.0,-25591000000,17571000000.0,25430000000,1578000000,41957000000
TDY,2018-12-31,750600000.0,393600000,416500000.0,360100000,-271300000,446900000
TDY,2019-12-31,969900000.0,550500000,460400000.0,393700000,141700000,482100000
TDY,2020-12-31,778500000.0,961700000,402000000.0,547500000,-61800000,618900000
TDY,2021-12-31,4099400000.0,931000000,767700000.0,723000000,2807100000,824600000
TEL,2018-09-30,4000000000.0,1789000000,2361000000.0,1516000000,-1722000000,2451000000
TEL,2019-09-30,3965000000.0,2014000000,2320000000.0,1673000000,-1643000000,2422000000
TEL,2020-09-30,4262000000.0,2094000000,2377000000.0,1432000000,-1105000000,1992000000
TEL,2021-09-30,4210000000.0,2607000000,2928000000.0,1986000000,-1386000000,2676000000
TGT,2019-01-31,13445000000.0,-2495000000,,2457000000,-3644000000,5973000000
TGT,2020-01-31,13974000000.0,-1585000000,,4090000000,-3152000000,7117000000
TGT,2021-01-31,15109000000.0,631000000,631000000.0,7876000000,-2000000000,10525000000
TGT,2022-01-31,16390000000.0,-174000000,835000000.0,5081000000,-8071000000,8625000000
TMO,2018-12-31,18990000000.0,4478000000,4136000000.0,3785000000,-2237000000,4543000000
TMO,2019-12-31,17752000000.0,5696000000,4349000000.0,4047000000,-3118000000,4973000000
TMO,2020-12-31,21735000000.0,11653000000,5741000000.0,6815000000,959000000,8289000000
TMO,2021-12-31,34870000000.0,6677000000,7977000000.0,6789000000,6581000000,9312000000
TOL,2018-10-31,3698176000.0,8183397000,,574169000,-214301000,602401000
TOL,2019-10-31,3921347000.0,8579731000,,350690000,-258514000,437661000
TOL,2020-10-31,4083040000.0,8239064000,,898553000,-753311000,1008117000
TOL,2021-10-31,3679283000.0,8438070000,,1236249000,-1011083000,1303127000
TSCO,2018-12-31,440266000.0,856292000,,415864000,-440929000,694394000
TSCO,2019-12-31,2709166000.0,540287000,,594266000,-598813000,811716000
TSCO,2020-12-31,3541550000.0,1514887000,,1100513000,155210000,1394515000
TSCO,2021-12-31,3919312000.0,1185598000,,510289000,-975106000,1138720000
TSLA,2018-12-31,13827271000.0,-1685828000,949022000.0,-221714000,573755000,2097802000
TSLA,2019-12-31,14697000000.0,1436000000,1324000000.0,968000000,1529000000,2405000000
TSLA,2020-12-31,13279000000.0,12469000000,1886000000.0,2701000000,9973000000,5943000000
TSLA,2021-12-31,8873000000.0,7395000000,1913000000.0,3483000000,-5203000000,11497000000
TT,2018-12-31,4091300000.0,1416300000,2679200000.0,1042200000,-1378800000,1407800000
TT,2019-12-31,5573400000.0,1355300000,2798100000.0,1665400000,270500000,1919500000
TT,2020-12-31,5272100000.0,2566700000,2202100000.0,1288800000,884300000,1435000000
TT,2021-12-31,4842100000.0,1718500000,2429400000.0,1365300000,-2127600000,1588300000
TXN,2018-12-31,5068000000.0,5623000000,1207000000.0,6058000000,-6329000000,7189000000
TXN,2019-12-31,6062000000.0,6638000000,1074000000.0,5802000000,-4730000000,6649000000
TXN,2020-12-31,7047000000.0,7849000000,1414000000.0,5490000000,-4547000000,6139000000
TXN,2021-12-31,8124000000.0,11116000000,1701000000.0,6294000000,-3137000000,8756000000
UNP,2018-12-31,22391000000.0,-463000000,1755000000.0,5249000000,-5222000000,8686000000
UNP,2019-12-31,27033000000.0,-892000000,1595000000.0,5156000000,-5646000000,8609000000
UNP,2020-12-31,28333000000.0,41000000,1505000000.0,5613000000,-4902000000,8540000000
UNP,2021-12-31,31488000000.0,-2193000000,1722000000.0,6096000000,-7158000000,9032000000
VC,2018-12-31,405000000.0,575000000,486000000.0,77000000,-335000000,204000000
VC,2019-12-31,554000000.0,547000000,514000000.0,41000000,-49000000,183000000
VC,2020-12-31,527000000.0,517000000,484000000.0,64000000,-58000000,168000000
VC,2021-12-31,498000000.0,572000000,549000000.0,-12000000,-29000000,58000000
VFC,2019-03-31,2786202000.0,2011853000,1708796000.0,1357382000,-1591005000,1664223000
VFC,2020-03-31,5211328000.0,2003132000,1308051000.0,540691000,309732000,874527000
VFC,2021-03-31,7361689000.0,2575393000,1298020000.0,1039025000,1052878000,1313225000
VNT,2018-12-31,241000000.0,168100000,531000000.0,378600000,-290500000,421000000
VNT,2019-12-31,79400000.0,157700000,490600000.0,507200000,-499800000,545200000
VNT,2020-12-31,1848600000.0,343800000,447100000.0,655600000,-283900000,691300000
VNT,2021-12-31,2635900000.0,544800000,481300000.0,433300000,725500000,481100000
VSH,2018-12-31,494527000.0,1139780000,397020000.0,28607000,-575932000,258506000
VSH,2019-12-31,597877000.0,1183688000,328187000.0,139803000,-90025000,296444000
VSH,2020-12-31,503180000.0,1134913000,338632000.0,191339000,-209382000,314938000
VSH,2021-12-31,579045000.0,1316831000,396458000.0,238732000,-58814000,457104000
WDC,2018-06-30,11172000000.0,6182000000,2197000000.0,3370000000,-3900000000,4205000000
WDC,2019-06-30,10522000000.0,4660000000,1204000000.0,671000000,-1829000000,1547000000
WDC,2020-06-30,9575000000.0,4642000000,2379000000.0,177000000,-1508000000,824000000
WDC,2021-06-30,8725000000.0,4887000000,2257000000.0,752000000,-817000000,1898000000
WEC,2018-12-31,11799100000.0,-1084100000,1280900000.0,329800000,26400000,2445500000
WEC,2019-12-31,12735000000.0,-1089100000,1176500000.0,84700000,85600000,2345500000
WEC,2020-12-31,14290800000.0,-2065100000,1202800000.0,-42800000,601100000,2196000000
WEC,2021-12-31,15590100000.0,-1096300000,1505700000.0,-220100000,294000000,2032700000
WHR,2018-12-31,6027000000.0,-1780000000,2210000000.0,639000000,-518000000,1229000000
WHR,2019-12-31,5771000000.0,-971000000,2198000000.0,698000000,-1424000000,1230000000
WHR,2020-12-31,6207000000.0,685000000,3109000000.0,1090000000,-253000000,1500000000
WHR,2021-12-31,6031000000.0,1185000000,3100000000.0,1651000000,-1339000000,2176000000
WMT,2019-01-31,58033000000.0,-15580000000,6283000000.0,17409000000,-2537000000,27753000000
WMT,2020-01-31,72433000000.0,-15984000000,6284000000.0,14550000000,-14299000000,25255000000
WMT,2021-01-31,63246000000.0,-2578000000,6516000000.0,25810000000,-16117000000,36074000000
WMT,2022-01-31,57323000000.0,-6309000000,8280000000.0,11075000000,-22828000000,24181000000
WY,2018-12-31,6646000000.0,-337000000,337000000.0,685000000,-1162000000,1112000000
WY,2019-12-31,6410000000.0,605000000,309000000.0,582000000,-1348000000,966000000
WY,2020-12-31,5501000000.0,659000000,450000000.0,823000000,-1358000000,1529000000
WY,2021-12-31,5123000000.0,2181000000,507000000.0,2569000000,-1330000000,3159000000
XEL,2018-12-31,17247000000.0,-1366000000,860000000.0,-835000000,928000000,3122000000
XEL,2019-12-31,20253000000.0,-1455000000,837000000.0,-962000000,1181000000,3263000000
XEL,2020-12-31,22208000000.0,-964000000,916000000.0,-2521000000,1773000000,2848000000
XEL,2021-12-31,24736000000.0,-807000000,1018000000.0,-2055000000,2135000000,2189000000
XOM,2018-12-31,37796000000.0,-9165000000,19638000000.0,16440000000,-19446000000,36014000000
XOM,2019-12-31,46920000000.0,-13937000000,21100000000.0,5355000000,-6618000000,29716000000
XOM,2020-12-31,67640000000.0,-11470000000,16339000000.0,-2614000000,5285000000,14668000000
XOM,2021-12-31,47704000000.0,2511000000,26883000000.0,36053000000,-35423000000,48129000000
XRX,2018-12-31,5230000000.0,1444000000,1104000000.0,1050000000,-1301000000,1140000000
XRX,2019-12-31,4636000000.0,2705000000,1091000000.0,1268000000,-1834000000,1333000000
XRX,2020-12-31,4786000000.0,3305000000,834000000.0,474000000,-416000000,548000000
XRX,2021-12-31,4537000000.0,1872000000,754000000.0,561000000,-1310000000,629000000
YORW,2018-12-31,94358000.0,-1830000,4731000.0,1490000,-1598000,18372000
YORW,2019-12-31,101035000.0,-5772000,4574000.0,-1656000,1656000,18881000
YORW,2020-12-31,123573000.0,4297000,5633000.0,-13064000,17392000,20235000
YORW,2021-12-31,146369000.0,-8824000,5034000.0,-23441000,18440000,22959000
