ticker,date,exchange_rate
005490.KS,2018-12-31,0.0008959802180088
005490.KS,2019-12-31,0.0008666337519671
005490.KS,2020-12-31,0.000918488023952
005490.KS,2021-12-31,0.0008412186752625
2330.TW,2018-12-31,0.0327
2330.TW,2019-12-31,0.0334
2330.TW,2020-12-31,0.0356
2330.TW,2021-12-31,0.0361
2412.TW,2018-12-31,0.0327
2412.TW,2019-12-31,0.0334
2412.TW,2020-12-31,0.0356
2412.TW,2021-12-31,0.0361
4502.T,2019-03-31,0.0090277219766974
4502.T,2020-03-31,0.0092144659377628
4502.T,2021-03-31,0.0090254791778923
4502.T,2022-03-31,0.0082126211437449
6758.T,2019-03-31,0.0090277219766974
6758.T,2020-03-31,0.0092144659377628
6758.T,2021-03-31,0.0090254791778923
6758.T,2022-03-31,0.0082126211437449
7267.T,2019-03-31,0.0090277219766974
7267.T,2020-03-31,0.0092144659377628
7267.T,2021-03-31,0.0090254791778923
7267.T,2022-03-31,0.0082126211437449
7751.T,2018-12-31,0.0090981326976559
7751.T,2019-12-31,0.0092127275709365
7751.T,2020-12-31,0.0097011621472053
7751.T,2021-12-31,0.0086869151710385
A,2018-10-31,1.0
A,2019-10-31,1.0
A,2020-10-31,1.0
A,2021-10-31,1.0
AA,2018-12-31,1.0
AA,2019-12-31,1.0
AA,2020-12-31,1.0
AA,2021-12-31,1.0
AAL,2018-12-31,1.0
AAL,2019-12-31,1.0
AAL,2020-12-31,1.0
AAL,2021-12-31,1.0
AAP,2018-12-31,1.0
AAP,2019-12-31,1.0
AAP,2020-12-31,1.0
AAP,2021-12-31,1.0
ABBN.SW,2018-12-31,1.0160617623569084
ABBN.SW,2019-12-31,1.035010134512622
ABBN.SW,2020-12-31,1.1359933345676727
ABBN.SW,2021-12-31,1.096312070467525
ABEV3.SA,2018-12-31,0.2576507650765076
ABEV3.SA,2019-12-31,0.2487764909094935
ABEV3.SA,2020-12-31,0.1925315760571115
ABEV3.SA,2021-12-31,0.1794900239298901
ABT,2018-12-31,1.0
ABT,2019-12-31,1.0
ABT,2020-12-31,1.0
ABT,2021-12-31,1.0
ABX.TO,2018-12-31,0.7337391861582826
ABX.TO,2019-12-31,0.7695574736265242
ABX.TO,2020-12-31,0.7849421096398644
ABX.TO,2021-12-31,0.7869103036198152
ACA,2018-12-31,1.0
ACA,2019-12-31,1.0
ACA,2020-12-31,1.0
ACA,2021-12-31,1.0
ADI,2018-10-31,1.0
ADI,2019-10-31,1.0
ADI,2020-10-31,1.0
ADI,2021-10-31,1.0
ADM,2018-12-31,1.0
ADM,2019-12-31,1.0
ADM,2020-12-31,1.0
ADM,2021-12-31,1.0
AGCO,2018-12-31,1.0
AGCO,2019-12-31,1.0
AGCO,2020-12-31,1.0
AGCO,2021-12-31,1.0
AGR,2018-12-31,1.0
AGR,2019-12-31,1.0
AGR,2020-12-31,1.0
AGR,2021-12-31,1.0
AIMC,2018-12-31,1.0
AIMC,2019-12-31,1.0
AIMC,2020-12-31,1.0
AIMC,2021-12-31,1.0
AIR,2018-05-31,1.0
AIR,2019-05-31,1.0
AIR,2020-05-31,1.0
AIR,2021-05-31,1.0
ALB,2018-12-31,1.0
ALB,2019-12-31,1.0
ALB,2020-12-31,1.0
ALB,2021-12-31,1.0
ALC,2018-12-31,1.0
ALC,2019-12-31,1.0
ALC,2020-12-31,1.0
ALC,2021-12-31,1.0
ALKS,2018-12-31,1.0
ALKS,2019-12-31,1.0
ALKS,2020-12-31,1.0
ALKS,2021-12-31,1.0
AMAT,2018-10-31,1.0
AMAT,2019-10-31,1.0
AMAT,2020-10-31,1.0
AMAT,2021-10-31,1.0
AMD,2018-12-31,1.0
AMD,2019-12-31,1.0
AMD,2020-12-31,1.0
AMD,2021-12-31,1.0
AME,2018-12-31,1.0
AME,2019-12-31,1.0
AME,2020-12-31,1.0
AME,2021-12-31,1.0
AMKR,2018-12-31,1.0
AMKR,2019-12-31,1.0
AMKR,2020-12-31,1.0
AMKR,2021-12-31,1.0
APD,2018-09-30,1.0
APD,2019-09-30,1.0
APD,2020-09-30,1.0
APD,2021-09-30,1.0
APH,2018-12-31,1.0
APH,2019-12-31,1.0
APH,2020-12-31,1.0
APH,2021-12-31,1.0
APTV,2018-12-31,1.0
APTV,2019-12-31,1.0
APTV,2020-12-31,1.0
APTV,2021-12-31,1.0
AQN,2018-12-31,1.0
AQN,2019-12-31,1.0
AQN,2020-12-31,1.0
AQN,2021-12-31,1.0
ARNC,2018-12-31,1.0
ARNC,2019-12-31,1.0
ARNC,2020-12-31,1.0
ARNC,2021-12-31,1.0
ARRY,2018-12-31,1.0
ARRY,2019-12-31,1.0
ARRY,2020-12-31,1.0
ARRY,2021-12-31,1.0
ARW,2018-12-31,1.0
ARW,2019-12-31,1.0
ARW,2020-12-31,1.0
ARW,2021-12-31,1.0
ASH,2018-09-30,1.0
ASH,2019-09-30,1.0
ASH,2020-09-30,1.0
ASH,2021-09-30,1.0
ATKR,2018-09-30,1.0
ATKR,2019-09-30,1.0
ATKR,2020-09-30,1.0
ATKR,2021-09-30,1.0
ATO,2018-09-30,1.0
ATO,2019-09-30,1.0
ATO,2020-09-30,1.0
ATO,2021-09-30,1.0
AU,2018-12-31,1.0
AU,2019-12-31,1.0
AU,2020-12-31,1.0
AU,2021-12-31,1.0
AVT,2018-06-30,1.0
AVT,2019-06-30,1.0
AVT,2020-06-30,1.0
AVT,2021-06-30,1.0
AYI,2018-08-31,1.0
AYI,2019-08-31,1.0
AYI,2020-08-31,1.0
AYI,2021-08-31,1.0
AZO,2018-08-31,1.0
AZO,2019-08-31,1.0
AZO,2020-08-31,1.0
AZO,2021-08-31,1.0
BA,2018-12-31,1.0
BA,2019-12-31,1.0
BA,2020-12-31,1.0
BA,2021-12-31,1.0
BABA,2019-03-31,1.0
BABA,2020-03-31,1.0
BABA,2021-03-31,1.0
BAK,2018-12-31,1.0
BAK,2019-12-31,1.0
BAK,2020-12-31,1.0
BAK,2021-12-31,1.0
BATS.L,2018-12-31,1.2800017886487876
BATS.L,2019-12-31,1.3204043253408555
BATS.L,2020-12-31,1.3649155200605096
BATS.L,2021-12-31,1.347884038653782
BAX,2018-12-31,1.0
BAX,2019-12-31,1.0
BAX,2020-12-31,1.0
BAX,2021-12-31,1.0
BBWI,2019-01-31,1.0
BBWI,2020-01-31,1.0
BBWI,2021-01-31,1.0
BBWI,2022-01-31,1.0
BBY,2019-01-31,1.0
BBY,2020-01-31,1.0
BBY,2021-01-31,1.0
BBY,2022-01-31,1.0
BC,2018-12-31,1.0
BC,2019-12-31,1.0
BC,2020-12-31,1.0
BC,2021-12-31,1.0
BCC,2018-12-31,1.0
BCC,2019-12-31,1.0
BCC,2020-12-31,1.0
BCC,2021-12-31,1.0
BDX,2018-09-30,1.0
BDX,2019-09-30,1.0
BDX,2020-09-30,1.0
BDX,2021-09-30,1.0
BECN,2018-09-30,1.0
BECN,2019-09-30,1.0
BECN,2020-09-30,1.0
BECN,2021-09-30,1.0
BECN,2021-12-31,1.0
BF-B,2019-04-30,1.0
BF-B,2020-04-30,1.0
BF-B,2021-04-30,1.0
BIIB,2018-12-31,1.0
BIIB,2019-12-31,1.0
BIIB,2020-12-31,1.0
BIIB,2021-12-31,1.0
BIO,2018-12-31,1.0
BIO,2019-12-31,1.0
BIO,2020-12-31,1.0
BIO,2021-12-31,1.0
BKR,2018-12-31,1.0
BKR,2019-12-31,1.0
BKR,2020-12-31,1.0
BKR,2021-12-31,1.0
BLD,2018-12-31,1.0
BLD,2019-12-31,1.0
BLD,2020-12-31,1.0
BLD,2021-12-31,1.0
BP,2018-12-31,1.0
BP,2019-12-31,1.0
BP,2020-12-31,1.0
BP,2021-12-31,1.0
BRBR,2018-09-30,1.0
BRBR,2019-09-30,1.0
BRBR,2020-09-30,1.0
BRBR,2021-09-30,1.0
BRK-A,2018-12-31,1.0
BRK-A,2019-12-31,1.0
BRK-A,2020-12-31,1.0
BRK-A,2021-12-31,1.0
BSX,2018-12-31,1.0
BSX,2019-12-31,1.0
BSX,2020-12-31,1.0
BSX,2021-12-31,1.0
BWA,2018-12-31,1.0
BWA,2019-12-31,1.0
BWA,2020-12-31,1.0
BWA,2021-12-31,1.0
CCO,2018-12-31,1.0
CCO,2019-12-31,1.0
CCO,2020-12-31,1.0
CCO,2021-12-31,1.0
CCS,2018-12-31,1.0
CCS,2019-12-31,1.0
CCS,2020-12-31,1.0
CCS,2021-12-31,1.0
CCU,2018-12-31,1.0
CCU,2019-12-31,1.0
CCU,2020-12-31,1.0
CCU,2021-12-31,1.0
CDE,2018-12-31,1.0
CDE,2019-12-31,1.0
CDE,2020-12-31,1.0
CDE,2021-12-31,1.0
CENX,2018-12-31,1.0
CENX,2019-12-31,1.0
CENX,2020-12-31,1.0
CENX,2021-12-31,1.0
CF,2018-12-31,1.0
CF,2019-12-31,1.0
CF,2020-12-31,1.0
CF,2021-12-31,1.0
CHD,2018-12-31,1.0
CHD,2019-12-31,1.0
CHD,2020-12-31,1.0
CHD,2021-12-31,1.0
CHX,2018-12-31,1.0
CHX,2019-12-31,1.0
CHX,2020-12-31,1.0
CHX,2021-12-31,1.0
CIEN,2018-10-31,1.0
CIEN,2019-10-31,1.0
CIEN,2020-10-31,1.0
CIEN,2021-10-31,1.0
CLMT,2018-12-31,1.0
CLMT,2019-12-31,1.0
CLMT,2020-12-31,1.0
CLMT,2021-12-31,1.0
CLS,2018-12-31,1.0
CLS,2019-12-31,1.0
CLS,2020-12-31,1.0
CLS,2021-12-31,1.0
CMC,2018-08-31,1.0
CMC,2019-08-31,1.0
CMC,2020-08-31,1.0
CMC,2021-08-31,1.0
CMCO,2019-03-31,1.0
CMCO,2020-03-31,1.0
CMCO,2021-03-31,1.0
CMI,2018-12-31,1.0
CMI,2019-12-31,1.0
CMI,2020-12-31,1.0
CMI,2021-12-31,1.0
CNQ,2018-12-31,1.0
CNQ,2019-12-31,1.0
CNQ,2020-12-31,1.0
CNQ,2021-12-31,1.0
CNR,2018-10-31,1.0
CNR,2018-12-31,1.0
CNR,2019-12-31,1.0
CNR,2020-12-31,1.0
CNR,2021-12-31,1.0
COHR,2018-09-30,1.0
COHR,2019-09-30,1.0
COHR,2020-09-30,1.0
COHR,2021-09-30,1.0
COHU,2018-12-31,1.0
COHU,2019-12-31,1.0
COHU,2020-12-31,1.0
COHU,2021-12-31,1.0
COP,2018-12-31,1.0
COP,2019-12-31,1.0
COP,2020-12-31,1.0
COP,2021-12-31,1.0
COST,2018-08-31,1.0
COST,2019-08-31,1.0
COST,2020-08-31,1.0
COST,2021-08-31,1.0
CPAC,2018-12-31,1.0
CPAC,2019-12-31,1.0
CPAC,2020-12-31,1.0
CPAC,2021-12-31,1.0
CR,2018-12-31,1.0
CR,2019-12-31,1.0
CR,2020-12-31,1.0
CR,2021-12-31,1.0
CRG.IR,2018-12-31,1.145
CRG.IR,2019-12-31,1.1234
CRG.IR,2020-12-31,1.2271
CRG.IR,2021-12-31,1.1326
CRL,2018-12-31,1.0
CRL,2019-12-31,1.0
CRL,2020-12-31,1.0
CRL,2021-12-31,1.0
CRS,2018-06-30,1.0
CRS,2019-06-30,1.0
CRS,2020-06-30,1.0
CRS,2021-06-30,1.0
CRSR,2018-12-31,1.0
CRSR,2019-12-31,1.0
CRSR,2020-12-31,1.0
CRSR,2021-12-31,1.0
CSCO,2018-07-31,1.0
CSCO,2019-07-31,1.0
CSCO,2020-07-31,1.0
CSCO,2021-07-31,1.0
CSL,2018-12-31,1.0
CSL,2019-12-31,1.0
CSL,2020-12-31,1.0
CSL,2021-12-31,1.0
CSTM,2018-12-31,1.0
CSTM,2019-12-31,1.0
CSTM,2020-12-31,1.0
CSTM,2021-12-31,1.0
CTAS,2018-05-31,1.0
CTAS,2019-05-31,1.0
CTAS,2020-05-31,1.0
CTAS,2021-05-31,1.0
CTLT,2018-06-30,1.0
CTLT,2019-06-30,1.0
CTLT,2020-06-30,1.0
CTLT,2021-06-30,1.0
CTVA,2018-12-31,1.0
CTVA,2019-12-31,1.0
CTVA,2020-12-31,1.0
CTVA,2021-12-31,1.0
CVE,2018-12-31,1.0
CVE,2019-12-31,1.0
CVE,2020-12-31,1.0
CVE,2021-12-31,1.0
CVX,2018-12-31,1.0
CVX,2019-12-31,1.0
CVX,2020-12-31,1.0
CVX,2021-12-31,1.0
CYH,2018-12-31,1.0
CYH,2019-12-31,1.0
CYH,2020-12-31,1.0
CYH,2021-12-31,1.0
DAR,2018-12-31,1.0
DAR,2019-12-31,1.0
DAR,2020-12-31,1.0
DAR,2021-12-31,1.0
DBD,2018-12-31,1.0
DBD,2019-12-31,1.0
DBD,2020-12-31,1.0
DBD,2021-12-31,1.0
DD,2018-12-31,1.0
DD,2019-12-31,1.0
DD,2020-12-31,1.0
DD,2021-12-31,1.0
DDS,2019-01-31,1.0
DDS,2020-01-31,1.0
DDS,2021-01-31,1.0
DDS,2022-01-31,1.0
DGX,2018-12-31,1.0
DGX,2019-12-31,1.0
DGX,2020-12-31,1.0
DGX,2021-12-31,1.0
DHI,2018-09-30,1.0
DHI,2019-09-30,1.0
DHI,2020-09-30,1.0
DHI,2021-09-30,1.0
DHR,2018-12-31,1.0
DHR,2019-12-31,1.0
DHR,2020-12-31,1.0
DHR,2021-12-31,1.0
DIS,2018-09-30,1.0
DIS,2019-09-30,1.0
DIS,2020-09-30,1.0
DIS,2021-09-30,1.0
DOLE,2018-12-31,1.0
DOLE,2019-12-31,1.0
DOLE,2020-12-31,1.0
DOLE,2021-12-31,1.0
DOV,2018-12-31,1.0
DOV,2019-12-31,1.0
DOV,2020-12-31,1.0
DOV,2021-12-31,1.0
EAF,2018-12-31,1.0
EAF,2019-12-31,1.0
EAF,2020-12-31,1.0
EAF,2021-12-31,1.0
EBS,2018-12-31,1.0
EBS,2019-12-31,1.0
EBS,2020-12-31,1.0
EBS,2021-12-31,1.0
EC,2018-12-31,1.0
EC,2019-12-31,1.0
EC,2020-12-31,1.0
EC,2021-12-31,1.0
ELAN,2018-12-31,1.0
ELAN,2019-12-31,1.0
ELAN,2020-12-31,1.0
ELAN,2021-12-31,1.0
ELD.TO,2018-12-31,0.7337391861582826
ELD.TO,2019-12-31,0.7695574736265242
ELD.TO,2020-12-31,0.7849421096398644
ELD.TO,2021-12-31,0.7869103036198152
EMN,2018-12-31,1.0
EMN,2019-12-31,1.0
EMN,2020-12-31,1.0
EMN,2021-12-31,1.0
EMR,2018-09-30,1.0
EMR,2019-09-30,1.0
EMR,2020-09-30,1.0
EMR,2021-09-30,1.0
ENDP,2018-12-31,1.0
ENDP,2019-12-31,1.0
ENDP,2020-12-31,1.0
ENDP,2021-12-31,1.0
ENELAM.SN,2018-12-31,0.0014
ENELAM.SN,2019-12-31,0.0014
ENELAM.SN,2020-12-31,0.0013
ENELAM.SN,2021-12-31,0.0012
ENI.MI,2018-12-31,1.145
ENI.MI,2019-12-31,1.1234
ENI.MI,2020-12-31,1.2271
ENI.MI,2021-12-31,1.1326
ENS,2019-03-31,1.0
ENS,2020-03-31,1.0
ENS,2021-03-31,1.0
ENTG,2018-12-31,1.0
ENTG,2019-12-31,1.0
ENTG,2020-12-31,1.0
ENTG,2021-12-31,1.0
EOG,2018-12-31,1.0
EOG,2019-12-31,1.0
EOG,2020-12-31,1.0
EOG,2021-12-31,1.0
EPC,2018-09-30,1.0
EPC,2019-09-30,1.0
EPC,2020-09-30,1.0
EPC,2021-09-30,1.0
ERIC-B.ST,2018-12-31,0.1116550298396848
ERIC-B.ST,2019-12-31,0.1075353218210361
ERIC-B.ST,2020-12-31,0.1222905434360144
ERIC-B.ST,2021-12-31,0.1104943269953074
ESI,2018-12-31,1.0
ESI,2019-12-31,1.0
ESI,2020-12-31,1.0
ESI,2021-12-31,1.0
ETN,2018-12-31,1.0
ETN,2019-12-31,1.0
ETN,2020-12-31,1.0
ETN,2021-12-31,1.0
EW,2018-12-31,1.0
EW,2019-12-31,1.0
EW,2020-12-31,1.0
EW,2021-12-31,1.0
EXP,2019-03-31,1.0
EXP,2020-03-31,1.0
EXP,2021-03-31,1.0
FB,2018-12-31,1.0
FB,2019-12-31,1.0
FB,2020-12-31,1.0
FB,2021-12-31,1.0
FBHS,2018-12-31,1.0
FBHS,2019-12-31,1.0
FBHS,2020-12-31,1.0
FBHS,2021-12-31,1.0
FCFS,2018-12-31,1.0
FCFS,2019-12-31,1.0
FCFS,2020-12-31,1.0
FCFS,2021-12-31,1.0
FCX,2018-12-31,1.0
FCX,2019-12-31,1.0
FCX,2020-12-31,1.0
FCX,2021-12-31,1.0
FEMSAUBD.MX,2018-12-31,0.0509067628189453
FEMSAUBD.MX,2019-12-31,0.052940123090263
FEMSAUBD.MX,2020-12-31,0.0502580275229357
FEMSAUBD.MX,2021-12-31,0.0489375124223334
FERG,2018-07-31,1.0
FERG,2019-07-31,1.0
FERG,2020-07-31,1.0
FERG,2021-07-31,1.0
FET,2018-12-31,1.0
FET,2019-12-31,1.0
FET,2020-12-31,1.0
FET,2021-12-31,1.0
FISV,2018-12-31,1.0
FISV,2019-12-31,1.0
FISV,2020-12-31,1.0
FISV,2021-12-31,1.0
FLO,2018-12-31,1.0
FLO,2019-12-31,1.0
FLO,2020-12-31,1.0
FLO,2021-12-31,1.0
FME.DE,2018-12-31,1.145
FME.DE,2019-12-31,1.1234
FME.DE,2020-12-31,1.2271
FME.DE,2021-12-31,1.1326
FPH,2018-12-31,1.0
FPH,2019-12-31,1.0
FPH,2020-12-31,1.0
FPH,2021-12-31,1.0
FREE,2018-12-31,1.0
FREE,2019-12-31,1.0
FREE,2020-12-31,1.0
FREE,2021-12-31,1.0
FTNT,2018-12-31,1.0
FTNT,2019-12-31,1.0
FTNT,2020-12-31,1.0
FTNT,2021-12-31,1.0
FTV,2018-12-31,1.0
FTV,2019-12-31,1.0
FTV,2020-12-31,1.0
FTV,2021-12-31,1.0
GBX,2018-08-31,1.0
GBX,2019-08-31,1.0
GBX,2020-08-31,1.0
GBX,2021-08-31,1.0
GD,2018-12-31,1.0
GD,2019-12-31,1.0
GD,2020-12-31,1.0
GD,2021-12-31,1.0
GFI,2018-12-31,1.0
GFI,2019-12-31,1.0
GFI,2020-12-31,1.0
GFI,2021-12-31,1.0
GGBR4.SA,2018-12-31,0.2576507650765076
GGBR4.SA,2019-12-31,0.2487764909094935
GGBR4.SA,2020-12-31,0.1925315760571115
GGBR4.SA,2021-12-31,0.1794900239298901
GHC,2018-12-31,1.0
GHC,2019-12-31,1.0
GHC,2020-12-31,1.0
GHC,2021-12-31,1.0
GIII,2019-01-31,1.0
GIII,2020-01-31,1.0
GIII,2021-01-31,1.0
GIII,2022-01-31,1.0
GLT,2018-12-31,1.0
GLT,2019-12-31,1.0
GLT,2020-12-31,1.0
GLT,2021-12-31,1.0
GLW,2018-12-31,1.0
GLW,2019-12-31,1.0
GLW,2020-12-31,1.0
GLW,2021-12-31,1.0
GOOGL,2018-12-31,1.0
GOOGL,2019-12-31,1.0
GOOGL,2020-12-31,1.0
GOOGL,2021-12-31,1.0
GTX,2018-12-31,1.0
GTX,2019-12-31,1.0
GTX,2020-12-31,1.0
GTX,2021-12-31,1.0
HBM,2018-12-31,1.0
HBM,2019-12-31,1.0
HBM,2020-12-31,1.0
HBM,2021-12-31,1.0
HCC,2018-12-31,1.0
HCC,2019-12-31,1.0
HCC,2020-12-31,1.0
HCC,2021-12-31,1.0
HII,2018-12-31,1.0
HII,2019-12-31,1.0
HII,2020-12-31,1.0
HII,2021-12-31,1.0
HLF,2018-12-31,1.0
HLF,2019-12-31,1.0
HLF,2020-12-31,1.0
HLF,2021-12-31,1.0
HOLX,2018-09-30,1.0
HOLX,2019-09-30,1.0
HOLX,2020-09-30,1.0
HOLX,2021-09-30,1.0
HPE,2018-10-31,1.0
HPE,2019-10-31,1.0
HPE,2020-10-31,1.0
HPE,2021-10-31,1.0
HPQ,2018-10-31,1.0
HPQ,2019-10-31,1.0
HPQ,2020-10-31,1.0
HPQ,2021-10-31,1.0
HRL,2018-10-31,1.0
HRL,2019-10-31,1.0
HRL,2020-10-31,1.0
HRL,2021-10-31,1.0
HUBB,2018-12-31,1.0
HUBB,2019-12-31,1.0
HUBB,2020-12-31,1.0
HUBB,2021-12-31,1.0
HUN,2018-12-31,1.0
HUN,2019-12-31,1.0
HUN,2020-12-31,1.0
HUN,2021-12-31,1.0
HXL,2018-12-31,1.0
HXL,2019-12-31,1.0
HXL,2020-12-31,1.0
HXL,2021-12-31,1.0
HY,2018-12-31,1.0
HY,2019-12-31,1.0
HY,2020-12-31,1.0
HY,2021-12-31,1.0
HZNP,2018-12-31,1.0
HZNP,2019-12-31,1.0
HZNP,2020-12-31,1.0
HZNP,2021-12-31,1.0
ICL,2018-12-31,1.0
ICL,2019-12-31,1.0
ICL,2020-12-31,1.0
ICL,2021-12-31,1.0
ICUI,2018-12-31,1.0
ICUI,2019-12-31,1.0
ICUI,2020-12-31,1.0
ICUI,2021-12-31,1.0
IEP,2018-12-31,1.0
IEP,2019-12-31,1.0
IEP,2020-12-31,1.0
IEP,2021-12-31,1.0
IEX,2018-12-31,1.0
IEX,2019-12-31,1.0
IEX,2020-12-31,1.0
IEX,2021-12-31,1.0
IFF,2018-12-31,1.0
IFF,2019-12-31,1.0
IFF,2020-12-31,1.0
IFF,2021-12-31,1.0
IIVI,2018-06-30,1.0
IIVI,2019-06-30,1.0
IIVI,2020-06-30,1.0
IIVI,2021-06-30,1.0
ILMN,2018-12-31,1.0
ILMN,2019-12-31,1.0
ILMN,2020-12-31,1.0
ILMN,2021-12-31,1.0
IMG.TO,2018-12-31,0.7337391861582826
IMG.TO,2019-12-31,0.7695574736265242
IMG.TO,2020-12-31,0.7849421096398644
IMG.TO,2021-12-31,0.7869103036198152
IMKTA,2018-09-30,1.0
IMKTA,2019-09-30,1.0
IMKTA,2020-09-30,1.0
IMKTA,2021-09-30,1.0
IMO,2018-12-31,1.0
IMO,2019-12-31,1.0
IMO,2020-12-31,1.0
IMO,2021-12-31,1.0
INGR,2018-12-31,1.0
INGR,2019-12-31,1.0
INGR,2020-12-31,1.0
INGR,2021-12-31,1.0
INTC,2018-12-31,1.0
INTC,2019-12-31,1.0
INTC,2020-12-31,1.0
INTC,2021-12-31,1.0
IR,2018-12-31,1.0
IR,2019-12-31,1.0
IR,2020-12-31,1.0
IR,2021-12-31,1.0
ITGR,2018-12-31,1.0
ITGR,2019-12-31,1.0
ITGR,2020-12-31,1.0
ITGR,2021-12-31,1.0
ITT,2018-12-31,1.0
ITT,2019-12-31,1.0
ITT,2020-12-31,1.0
ITT,2021-12-31,1.0
JCI,2018-09-30,1.0
JCI,2019-09-30,1.0
JCI,2020-09-30,1.0
JCI,2021-09-30,1.0
JD,2018-12-31,1.0
JD,2019-12-31,1.0
JD,2020-12-31,1.0
JD,2021-12-31,1.0
JNJ,2018-12-31,1.0
JNJ,2019-12-31,1.0
JNJ,2020-12-31,1.0
JNJ,2021-12-31,1.0
JNPR,2018-12-31,1.0
JNPR,2019-12-31,1.0
JNPR,2020-12-31,1.0
JNPR,2021-12-31,1.0
K,2018-12-31,1.0
K,2019-12-31,1.0
K,2020-12-31,1.0
K,2021-12-31,1.0
KAMN,2018-12-31,1.0
KAMN,2019-12-31,1.0
KAMN,2020-12-31,1.0
KAMN,2021-12-31,1.0
KBH,2018-11-30,1.0
KBH,2019-11-30,1.0
KBH,2020-11-30,1.0
KBH,2021-11-30,1.0
KDP,2018-12-31,1.0
KDP,2019-12-31,1.0
KDP,2020-12-31,1.0
KDP,2021-12-31,1.0
KEX,2018-12-31,1.0
KEX,2019-12-31,1.0
KEX,2020-12-31,1.0
KEX,2021-12-31,1.0
KEY,2018-12-31,1.0
KEY,2019-12-31,1.0
KEY,2020-12-31,1.0
KEY,2021-12-31,1.0
KEYS,2018-10-31,1.0
KEYS,2019-10-31,1.0
KEYS,2020-10-31,1.0
KEYS,2021-10-31,1.0
KHC,2018-12-31,1.0
KHC,2019-12-31,1.0
KHC,2020-12-31,1.0
KHC,2021-12-31,1.0
KMT,2018-06-30,1.0
KMT,2019-06-30,1.0
KMT,2020-06-30,1.0
KMT,2021-06-30,1.0
KODK,2018-12-31,1.0
KODK,2019-12-31,1.0
KODK,2020-12-31,1.0
KODK,2021-12-31,1.0
KOF,2018-12-31,1.0
KOF,2019-12-31,1.0
KOF,2020-12-31,1.0
KOF,2021-12-31,1.0
KRO,2018-12-31,1.0
KRO,2019-12-31,1.0
KRO,2020-12-31,1.0
KRO,2021-12-31,1.0
KT,2018-12-31,1.0
KT,2019-12-31,1.0
KT,2020-12-31,1.0
KT,2021-12-31,1.0
LCI,2018-06-30,1.0
LCI,2019-06-30,1.0
LCI,2020-06-30,1.0
LCI,2021-06-30,1.0
LEA,2018-12-31,1.0
LEA,2019-12-31,1.0
LEA,2020-12-31,1.0
LEA,2021-12-31,1.0
LEN,2018-11-30,1.0
LEN,2019-11-30,1.0
LEN,2020-11-30,1.0
LEN,2021-11-30,1.0
LGIH,2018-12-31,1.0
LGIH,2019-12-31,1.0
LGIH,2020-12-31,1.0
LGIH,2021-12-31,1.0
LH,2018-12-31,1.0
LH,2019-12-31,1.0
LH,2020-12-31,1.0
LH,2021-12-31,1.0
LHX,2018-06-30,1.0
LHX,2019-06-30,1.0
LHX,2019-12-31,1.0
LHX,2020-12-31,1.0
LHX,2021-12-31,1.0
LII,2018-12-31,1.0
LII,2019-12-31,1.0
LII,2020-12-31,1.0
LII,2021-12-31,1.0
LIN,2018-12-31,1.0
LIN,2019-12-31,1.0
LIN,2020-12-31,1.0
LIN,2021-12-31,1.0
LITE,2018-06-30,1.0
LITE,2019-06-30,1.0
LITE,2020-06-30,1.0
LITE,2021-06-30,1.0
LKQ,2018-12-31,1.0
LKQ,2019-12-31,1.0
LKQ,2020-12-31,1.0
LKQ,2021-12-31,1.0
LMT,2018-12-31,1.0
LMT,2019-12-31,1.0
LMT,2020-12-31,1.0
LMT,2021-12-31,1.0
LPX,2018-12-31,1.0
LPX,2019-12-31,1.0
LPX,2020-12-31,1.0
LPX,2021-12-31,1.0
LRCX,2018-06-30,1.0
LRCX,2019-06-30,1.0
LRCX,2020-06-30,1.0
LRCX,2021-06-30,1.0
LYLT,2018-12-31,1.0
LYLT,2019-12-31,1.0
LYLT,2020-12-31,1.0
LYLT,2021-12-31,1.0
MDC,2018-12-31,1.0
MDC,2019-12-31,1.0
MDC,2020-12-31,1.0
MDC,2021-12-31,1.0
MDLZ,2018-12-31,1.0
MDLZ,2019-12-31,1.0
MDLZ,2020-12-31,1.0
MDLZ,2021-12-31,1.0
MDT,2019-04-30,1.0
MDT,2020-04-30,1.0
MDT,2021-04-30,1.0
MDU,2018-12-31,1.0
MDU,2019-12-31,1.0
MDU,2020-12-31,1.0
MDU,2021-12-31,1.0
MG,2018-12-31,1.0
MG,2019-12-31,1.0
MG,2020-12-31,1.0
MG,2021-12-31,1.0
MHK,2018-12-31,1.0
MHK,2019-12-31,1.0
MHK,2020-12-31,1.0
MHK,2021-12-31,1.0
MHO,2018-12-31,1.0
MHO,2019-12-31,1.0
MHO,2020-12-31,1.0
MHO,2021-12-31,1.0
MIR,2018-12-31,1.0
MIR,2019-12-31,1.0
MIR,2020-12-31,1.0
MIR,2021-12-31,1.0
MKSI,2018-12-31,1.0
MKSI,2019-12-31,1.0
MKSI,2020-12-31,1.0
MKSI,2021-12-31,1.0
MLKN,2018-05-31,1.0
MLKN,2019-05-31,1.0
MLKN,2020-05-31,1.0
MLKN,2021-05-31,1.0
MLM,2018-12-31,1.0
MLM,2019-12-31,1.0
MLM,2020-12-31,1.0
MLM,2021-12-31,1.0
MOG-A,2018-09-30,1.0
MOG-A,2019-09-30,1.0
MOG-A,2020-09-30,1.0
MOG-A,2021-09-30,1.0
MOS,2018-12-31,1.0
MOS,2019-12-31,1.0
MOS,2020-12-31,1.0
MOS,2021-12-31,1.0
MRVL,2019-01-31,1.0
MRVL,2020-01-31,1.0
MRVL,2021-01-31,1.0
MRVL,2022-01-31,1.0
MSFT,2018-06-30,1.0
MSFT,2019-06-30,1.0
MSFT,2020-06-30,1.0
MSFT,2021-06-30,1.0
MSI,2018-12-31,1.0
MSI,2019-12-31,1.0
MSI,2020-12-31,1.0
MSI,2021-12-31,1.0
MT,2018-12-31,1.0
MT,2019-12-31,1.0
MT,2020-12-31,1.0
MT,2021-12-31,1.0
MTH,2018-12-31,1.0
MTH,2019-12-31,1.0
MTH,2020-12-31,1.0
MTH,2021-12-31,1.0
MTW,2018-12-31,1.0
MTW,2019-12-31,1.0
MTW,2020-12-31,1.0
MTW,2021-12-31,1.0
MTX,2018-12-31,1.0
MTX,2019-12-31,1.0
MTX,2020-12-31,1.0
MTX,2021-12-31,1.0
MU,2018-08-31,1.0
MU,2019-08-31,1.0
MU,2020-08-31,1.0
MU,2021-08-31,1.0
MWA,2018-09-30,1.0
MWA,2019-09-30,1.0
MWA,2020-09-30,1.0
MWA,2021-09-30,1.0
NEM,2018-12-31,1.0
NEM,2019-12-31,1.0
NEM,2020-12-31,1.0
NEM,2021-12-31,1.0
NEU,2018-12-31,1.0
NEU,2019-12-31,1.0
NEU,2020-12-31,1.0
NEU,2021-12-31,1.0
NKE,2018-05-31,1.0
NKE,2019-05-31,1.0
NKE,2020-05-31,1.0
NKE,2021-05-31,1.0
NOC,2018-12-31,1.0
NOC,2019-12-31,1.0
NOC,2020-12-31,1.0
NOC,2021-12-31,1.0
NOKI34.SA,2018-12-31,0.2576507650765076
NOKI34.SA,2019-12-31,0.2487764909094935
NOKI34.SA,2020-12-31,0.1925315760571115
NOKI34.SA,2021-12-31,0.1794900239298901
NOMD,2018-12-31,1.0
NOMD,2019-12-31,1.0
NOMD,2020-12-31,1.0
NOMD,2021-12-31,1.0
NOV,2018-12-31,1.0
NOV,2019-12-31,1.0
NOV,2020-12-31,1.0
NOV,2021-12-31,1.0
NOVN,2018-12-31,1.0
NOVN,2019-12-31,1.0
NOVN,2020-12-31,1.0
NOVN,2021-12-31,1.0
NOVO-B.CO,2018-12-31,0.1533352081743066
NOVO-B.CO,2019-12-31,0.1503580271699123
NOVO-B.CO,2020-12-31,0.1649128465642597
NOVO-B.CO,2021-12-31,0.1523048787047496
NP,2018-12-31,1.0
NP,2019-12-31,1.0
NP,2020-12-31,1.0
NP,2021-12-31,1.0
NPO,2018-12-31,1.0
NPO,2019-12-31,1.0
NPO,2020-12-31,1.0
NPO,2021-12-31,1.0
NSC,2018-12-31,1.0
NSC,2019-12-31,1.0
NSC,2020-12-31,1.0
NSC,2021-12-31,1.0
NTCO3.SA,2018-12-31,0.2576507650765076
NTCO3.SA,2019-12-31,0.2487764909094935
NTCO3.SA,2020-12-31,0.1925315760571115
NTCO3.SA,2021-12-31,0.1794900239298901
NTR,2018-12-31,1.0
NTR,2019-12-31,1.0
NTR,2020-12-31,1.0
NTR,2021-12-31,1.0
NUE,2018-12-31,1.0
NUE,2019-12-31,1.0
NUE,2020-12-31,1.0
NUE,2021-12-31,1.0
NVDA,2019-01-31,1.0
NVDA,2020-01-31,1.0
NVDA,2021-01-31,1.0
NVDA,2022-01-31,1.0
NVR,2018-12-31,1.0
NVR,2019-12-31,1.0
NVR,2020-12-31,1.0
NVR,2021-12-31,1.0
NVT,2018-12-31,1.0
NVT,2019-12-31,1.0
NVT,2020-12-31,1.0
NVT,2021-12-31,1.0
NWSA,2018-06-30,1.0
NWSA,2019-06-30,1.0
NWSA,2020-06-30,1.0
NWSA,2021-06-30,1.0
NXPI,2018-12-31,1.0
NXPI,2019-12-31,1.0
NXPI,2020-12-31,1.0
NXPI,2021-12-31,1.0
OC,2018-12-31,1.0
OC,2019-12-31,1.0
OC,2020-12-31,1.0
OC,2021-12-31,1.0
OCDX,2018-12-31,1.0
OCDX,2019-12-31,1.0
OCDX,2020-12-31,1.0
OCDX,2021-12-31,1.0
OGE,2018-12-31,1.0
OGE,2019-12-31,1.0
OGE,2020-12-31,1.0
OGE,2021-12-31,1.0
OGN,2018-12-31,1.0
OGN,2019-12-31,1.0
OGN,2020-12-31,1.0
OGN,2021-12-31,1.0
OGS,2018-12-31,1.0
OGS,2019-12-31,1.0
OGS,2020-12-31,1.0
OGS,2021-12-31,1.0
OPRA,2018-12-31,1.0
OPRA,2019-12-31,1.0
OPRA,2020-12-31,1.0
OPRA,2021-12-31,1.0
OSK,2018-09-30,1.0
OSK,2019-09-30,1.0
OSK,2020-09-30,1.0
OSK,2021-09-30,1.0
OTIS,2018-12-31,1.0
OTIS,2019-12-31,1.0
OTIS,2020-12-31,1.0
OTIS,2021-12-31,1.0
PAMP.BA,2018-12-31,0.0266
PAMP.BA,2019-12-31,0.0167
PAMP.BA,2020-12-31,0.0119
PAMP.BA,2021-12-31,0.0097
PFE,2018-12-31,1.0
PFE,2019-12-31,1.0
PFE,2020-12-31,1.0
PFE,2021-12-31,1.0
PG,2018-06-30,1.0
PG,2019-06-30,1.0
PG,2020-06-30,1.0
PG,2021-06-30,1.0
PH,2018-06-30,1.0
PH,2019-06-30,1.0
PH,2020-06-30,1.0
PH,2021-06-30,1.0
PHIA.AS,2018-12-31,1.145
PHIA.AS,2019-12-31,1.1234
PHIA.AS,2020-12-31,1.2271
PHIA.AS,2021-12-31,1.1326
PHM,2018-12-31,1.0
PHM,2019-12-31,1.0
PHM,2020-12-31,1.0
PHM,2021-12-31,1.0
PKG,2018-12-31,1.0
PKG,2019-12-31,1.0
PKG,2020-12-31,1.0
PKG,2021-12-31,1.0
PKI,2018-12-31,1.0
PKI,2019-12-31,1.0
PKI,2020-12-31,1.0
PKI,2021-12-31,1.0
PM,2018-12-31,1.0
PM,2019-12-31,1.0
PM,2020-12-31,1.0
PM,2021-12-31,1.0
PNR,2018-12-31,1.0
PNR,2019-12-31,1.0
PNR,2020-12-31,1.0
PNR,2021-12-31,1.0
POLY,2019-03-31,1.0
POLY,2020-03-31,1.0
POLY,2021-03-31,1.0
PPC,2018-12-31,1.0
PPC,2019-12-31,1.0
PPC,2020-12-31,1.0
PPC,2021-12-31,1.0
PPL,2018-12-31,1.0
PPL,2019-12-31,1.0
PPL,2020-12-31,1.0
PPL,2021-12-31,1.0
PRGO,2018-12-31,1.0
PRGO,2019-12-31,1.0
PRGO,2020-12-31,1.0
PRGO,2021-12-31,1.0
PSX,2018-12-31,1.0
PSX,2019-12-31,1.0
PSX,2020-12-31,1.0
PSX,2021-12-31,1.0
PXD,2018-12-31,1.0
PXD,2019-12-31,1.0
PXD,2020-12-31,1.0
PXD,2021-12-31,1.0
QRVO,2019-03-31,1.0
QRVO,2020-03-31,1.0
QRVO,2021-03-31,1.0
QRVO,2022-03-31,1.0
REGI,2018-12-31,1.0
REGI,2019-12-31,1.0
REGI,2020-12-31,1.0
REGI,2021-12-31,1.0
REGN,2018-12-31,1.0
REGN,2019-12-31,1.0
REGN,2020-12-31,1.0
REGN,2021-12-31,1.0
REV,2018-12-31,1.0
REV,2019-12-31,1.0
REV,2020-12-31,1.0
REV,2021-12-31,1.0
REZI,2018-12-31,1.0
REZI,2019-12-31,1.0
REZI,2020-12-31,1.0
REZI,2021-12-31,1.0
RFP,2018-12-31,1.0
RFP,2019-12-31,1.0
RFP,2020-12-31,1.0
RFP,2021-12-31,1.0
RIG,2018-12-31,1.0
RIG,2019-12-31,1.0
RIG,2020-12-31,1.0
RIG,2021-12-31,1.0
ROLL,2019-03-31,1.0
ROLL,2020-03-31,1.0
ROLL,2021-03-31,1.0
ROP,2018-12-31,1.0
ROP,2019-12-31,1.0
ROP,2020-12-31,1.0
ROP,2021-12-31,1.0
RS,2018-12-31,1.0
RS,2019-12-31,1.0
RS,2020-12-31,1.0
RS,2021-12-31,1.0
RTX,2018-12-31,1.0
RTX,2019-12-31,1.0
RTX,2020-12-31,1.0
RTX,2021-12-31,1.0
SAN,2018-12-31,1.0
SAN,2019-12-31,1.0
SAN,2020-12-31,1.0
SAN,2021-12-31,1.0
SANM,2018-09-30,1.0
SANM,2019-09-30,1.0
SANM,2020-09-30,1.0
SANM,2021-09-30,1.0
SBUX,2018-09-30,1.0
SBUX,2019-09-30,1.0
SBUX,2020-09-30,1.0
SBUX,2021-09-30,1.0
SCS,2019-02-28,1.0
SCS,2020-02-29,1.0
SCS,2021-02-28,1.0
SCS,2022-02-28,1.0
SIG,2019-01-31,1.0
SIG,2020-01-31,1.0
SIG,2021-01-31,1.0
SIG,2022-01-31,1.0
SITE,2018-12-31,1.0
SITE,2019-12-31,1.0
SITE,2020-12-31,1.0
SITE,2021-12-31,1.0
SJM,2019-04-30,1.0
SJM,2020-04-30,1.0
SJM,2021-04-30,1.0
SKM,2018-12-31,1.0
SKM,2019-12-31,1.0
SKM,2020-12-31,1.0
SKM,2021-12-31,1.0
SLVM,2018-12-31,1.0
SLVM,2019-12-31,1.0
SLVM,2020-12-31,1.0
SLVM,2021-12-31,1.0
SN.L,2018-12-31,1.2800017886487876
SN.L,2019-12-31,1.3204043253408555
SN.L,2020-12-31,1.3649155200605096
SN.L,2021-12-31,1.347884038653782
SNA,2018-12-31,1.0
SNA,2019-12-31,1.0
SNA,2020-12-31,1.0
SNA,2021-12-31,1.0
SNP,2018-12-31,1.0
SNP,2019-12-31,1.0
SNP,2020-12-31,1.0
SNP,2021-12-31,1.0
SNX,2018-11-30,1.0
SNX,2019-11-30,1.0
SNX,2020-11-30,1.0
SNX,2021-11-30,1.0
SOL.JO,2018-06-30,0.1261
SOL.JO,2019-06-30,0.1261
SOL.JO,2020-06-30,0.1261
SOL.JO,2021-06-30,0.1261
SOY.TO,2018-12-31,0.7337391861582826
SOY.TO,2019-12-31,0.7695574736265242
SOY.TO,2020-12-31,0.7849421096398644
SOY.TO,2021-12-31,0.7869103036198152
SQM,2018-12-31,1.0
SQM,2019-12-31,1.0
SQM,2020-12-31,1.0
SQM,2021-12-31,1.0
SRE,2018-12-31,1.0
SRE,2019-12-31,1.0
SRE,2020-12-31,1.0
SRE,2021-12-31,1.0
SSW.JO,2018-12-31,0.1261
SSW.JO,2019-12-31,0.1261
SSW.JO,2020-12-31,0.1261
SSW.JO,2021-12-31,0.1261
STE,2019-03-31,1.0
STE,2020-03-31,1.0
STE,2021-03-31,1.0
STE,2022-03-31,1.0
STLA,2018-12-31,1.0
STLA,2019-12-31,1.0
STLA,2020-12-31,1.0
STLA,2021-12-31,1.0
STLD,2018-12-31,1.0
STLD,2019-12-31,1.0
STLD,2020-12-31,1.0
STLD,2021-12-31,1.0
STM,2018-12-31,1.0
STM,2019-12-31,1.0
STM,2020-12-31,1.0
STM,2021-12-31,1.0
STZ,2019-02-28,1.0
STZ,2020-02-29,1.0
STZ,2021-02-28,1.0
STZ,2022-02-28,1.0
SU,2018-12-31,1.0
SU,2019-12-31,1.0
SU,2020-12-31,1.0
SU,2021-12-31,1.0
SWK,2018-12-31,1.0
SWK,2019-12-31,1.0
SWK,2020-12-31,1.0
SWK,2021-12-31,1.0
SWKS,2018-09-30,1.0
SWKS,2019-09-30,1.0
SWKS,2020-09-30,1.0
SWKS,2021-09-30,1.0
SWM,2018-12-31,1.0
SWM,2019-12-31,1.0
SWM,2020-12-31,1.0
SWM,2021-12-31,1.0
TAP,2018-12-31,1.0
TAP,2019-12-31,1.0
TAP,2020-12-31,1.0
TAP,2021-12-31,1.0
TDS,2018-12-31,1.0
TDS,2019-12-31,1.0
TDS,2020-12-31,1.0
TDS,2021-12-31,1.0
TDY,2018-12-31,1.0
TDY,2019-12-31,1.0
TDY,2020-12-31,1.0
TDY,2021-12-31,1.0
TECK-B.TO,2018-12-31,0.7337391861582826
TECK-B.TO,2019-12-31,0.7695574736265242
TECK-B.TO,2020-12-31,0.7849421096398644
TECK-B.TO,2021-12-31,0.7869103036198152
TEL,2018-09-30,1.0
TEL,2019-09-30,1.0
TEL,2020-09-30,1.0
TEL,2021-09-30,1.0
TFX,2018-12-31,1.0
TFX,2019-12-31,1.0
TFX,2020-12-31,1.0
TFX,2021-12-31,1.0
TGI,2019-03-31,1.0
TGI,2020-03-31,1.0
TGI,2021-03-31,1.0
THO,2018-07-31,1.0
THO,2019-07-31,1.0
THO,2020-07-31,1.0
THO,2021-07-31,1.0
TKR,2018-12-31,1.0
TKR,2019-12-31,1.0
TKR,2020-12-31,1.0
TKR,2021-12-31,1.0
TMHC,2018-12-31,1.0
TMHC,2019-12-31,1.0
TMHC,2020-12-31,1.0
TMHC,2021-12-31,1.0
TMO,2018-12-31,1.0
TMO,2019-12-31,1.0
TMO,2020-12-31,1.0
TMO,2021-12-31,1.0
TNC,2018-12-31,1.0
TNC,2019-12-31,1.0
TNC,2020-12-31,1.0
TNC,2021-12-31,1.0
TNL,2018-12-31,1.0
TNL,2019-12-31,1.0
TNL,2020-12-31,1.0
TNL,2021-12-31,1.0
TOL,2018-10-31,1.0
TOL,2019-10-31,1.0
TOL,2020-10-31,1.0
TOL,2021-10-31,1.0
TPH,2018-12-31,1.0
TPH,2019-12-31,1.0
TPH,2020-12-31,1.0
TPH,2021-12-31,1.0
TRMB,2018-12-31,1.0
TRMB,2019-12-31,1.0
TRMB,2020-12-31,1.0
TRMB,2021-12-31,1.0
TRS,2018-12-31,1.0
TRS,2019-12-31,1.0
TRS,2020-12-31,1.0
TRS,2021-12-31,1.0
TSLA,2018-12-31,1.0
TSLA,2019-12-31,1.0
TSLA,2020-12-31,1.0
TSLA,2021-12-31,1.0
TSN,2018-09-30,1.0
TSN,2019-09-30,1.0
TSN,2020-09-30,1.0
TSN,2021-09-30,1.0
TT,2018-12-31,1.0
TT,2019-12-31,1.0
TT,2020-12-31,1.0
TT,2021-12-31,1.0
TTC,2018-10-31,1.0
TTC,2019-10-31,1.0
TTC,2020-10-31,1.0
TTC,2021-10-31,1.0
TTE,2018-12-31,1.0
TTE,2019-12-31,1.0
TTE,2020-12-31,1.0
TTE,2021-12-31,1.0
TTMI,2018-12-31,1.0
TTMI,2019-12-31,1.0
TTMI,2020-12-31,1.0
TTMI,2021-12-31,1.0
TUP,2018-12-31,1.0
TUP,2019-12-31,1.0
TUP,2020-12-31,1.0
TUP,2021-12-31,1.0
TWTR,2018-12-31,1.0
TWTR,2019-12-31,1.0
TWTR,2020-12-31,1.0
TWTR,2021-12-31,1.0
TXN,2018-12-31,1.0
TXN,2019-12-31,1.0
TXN,2020-12-31,1.0
TXN,2021-12-31,1.0
TXT,2018-12-31,1.0
TXT,2019-12-31,1.0
TXT,2020-12-31,1.0
TXT,2021-12-31,1.0
UCTT,2018-12-31,1.0
UCTT,2019-12-31,1.0
UCTT,2020-12-31,1.0
UCTT,2021-12-31,1.0
UHS,2018-12-31,1.0
UHS,2019-12-31,1.0
UHS,2020-12-31,1.0
UHS,2021-12-31,1.0
USM,2018-12-31,1.0
USM,2019-12-31,1.0
USM,2020-12-31,1.0
USM,2021-12-31,1.0
UVV,2019-03-31,1.0
UVV,2020-03-31,1.0
UVV,2021-03-31,1.0
VALE3.SA,2018-12-31,0.2576507650765076
VALE3.SA,2019-12-31,0.2487764909094935
VALE3.SA,2020-12-31,0.1925315760571115
VALE3.SA,2021-12-31,0.1794900239298901
VIPS,2018-12-31,1.0
VIPS,2019-12-31,1.0
VIPS,2020-12-31,1.0
VIPS,2021-12-31,1.0
VLO,2018-12-31,1.0
VLO,2019-12-31,1.0
VLO,2020-12-31,1.0
VLO,2021-12-31,1.0
VMC,2018-12-31,1.0
VMC,2019-12-31,1.0
VMC,2020-12-31,1.0
VMC,2021-12-31,1.0
VMI,2018-12-31,1.0
VMI,2019-12-31,1.0
VMI,2020-12-31,1.0
VMI,2021-12-31,1.0
VREX,2018-09-30,1.0
VREX,2019-09-30,1.0
VREX,2020-09-30,1.0
VREX,2021-09-30,1.0
VSAT,2019-03-31,1.0
VSAT,2020-03-31,1.0
VSAT,2021-03-31,1.0
VSH,2018-12-31,1.0
VSH,2019-12-31,1.0
VSH,2020-12-31,1.0
VSH,2021-12-31,1.0
VSTO,2019-03-31,1.0
VSTO,2020-03-31,1.0
VSTO,2021-03-31,1.0
VSTO,2022-03-31,1.0
WAB,2018-12-31,1.0
WAB,2019-12-31,1.0
WAB,2020-12-31,1.0
WAB,2021-12-31,1.0
WDC,2018-06-30,1.0
WDC,2019-06-30,1.0
WDC,2020-06-30,1.0
WDC,2021-06-30,1.0
WEBR,2018-09-30,1.0
WEBR,2019-09-30,1.0
WEBR,2020-09-30,1.0
WEBR,2021-09-30,1.0
WEED.TO,2019-03-31,0.749
WEED.TO,2020-03-31,0.7015431901133379
WEED.TO,2021-03-31,0.7931944256528211
WFG,2018-12-31,1.0
WFG,2019-12-31,1.0
WFG,2020-12-31,1.0
WFG,2021-12-31,1.0
WGO,2018-08-31,1.0
WGO,2019-08-31,1.0
WGO,2020-08-31,1.0
WGO,2021-08-31,1.0
WLK,2018-12-31,1.0
WLK,2019-12-31,1.0
WLK,2020-12-31,1.0
WLK,2021-12-31,1.0
WMS,2019-03-31,1.0
WMS,2020-03-31,1.0
WMS,2021-03-31,1.0
WMT,2019-01-31,1.0
WMT,2020-01-31,1.0
WMT,2021-01-31,1.0
WMT,2022-01-31,1.0
WOR,2018-05-31,1.0
WOR,2019-05-31,1.0
WOR,2020-05-31,1.0
WOR,2021-05-31,1.0
WRK,2018-09-30,1.0
WRK,2019-09-30,1.0
WRK,2020-09-30,1.0
WRK,2021-09-30,1.0
WY,2018-12-31,1.0
WY,2019-12-31,1.0
WY,2020-12-31,1.0
WY,2021-12-31,1.0
XOM,2018-12-31,1.0
XOM,2019-12-31,1.0
XOM,2020-12-31,1.0
XOM,2021-12-31,1.0
XRAY,2018-12-31,1.0
XRAY,2019-12-31,1.0
XRAY,2020-12-31,1.0
XRAY,2021-12-31,1.0
XRX,2018-12-31,1.0
XRX,2019-12-31,1.0
XRX,2020-12-31,1.0
XRX,2021-12-31,1.0
YRI.TO,2018-12-31,0.7337391861582826
YRI.TO,2019-12-31,0.7695574736265242
YRI.TO,2020-12-31,0.7849421096398644
YRI.TO,2021-12-31,0.7869103036198152
ZBH,2018-12-31,1.0
ZBH,2019-12-31,1.0
ZBH,2020-12-31,1.0
ZBH,2021-12-31,1.0
ZBRA,2018-12-31,1.0
ZBRA,2019-12-31,1.0
ZBRA,2020-12-31,1.0
ZBRA,2021-12-31,1.0
ZM,2019-01-31,1.0
ZM,2020-01-31,1.0
ZM,2021-01-31,1.0
ZM,2022-01-31,1.0
ZWS,2019-03-31,1.0
ZWS,2020-03-31,1.0
ZWS,2021-12-31,1.0
