,ticker,date,exchange_rate
0,005490.KS,2020-12-31,0.0009184880239520959
1,005490.KS,2021-03-31,0.0008854469524766083
2,005490.KS,2021-06-30,0.0008859334580776943
3,005490.KS,2021-09-30,0.0008442088686040916
4,2330.TW,2020-12-31,0.0356
5,2330.TW,2021-03-31,0.0352
6,2330.TW,2021-06-30,0.0359
7,2330.TW,2021-09-30,0.036
8,2412.TW,2020-12-31,0.0356
9,2412.TW,2021-03-31,0.0352
10,2412.TW,2021-06-30,0.0359
11,2412.TW,2021-09-30,0.036
12,4502.T,2020-12-31,0.009701162147205313
13,4502.T,2021-03-31,0.009025479177892388
14,4502.T,2021-06-30,0.00904207562961272
15,4502.T,2021-09-30,0.008929590498958896
16,6758.T,2021-03-31,0.009025479177892388
17,6758.T,2021-06-30,0.00904207562961272
18,6758.T,2021-09-30,0.008929590498958896
19,6758.T,2021-12-31,0.008686915171038503
20,7267.T,2020-12-31,0.009701162147205313
21,7267.T,2021-03-31,0.009025479177892388
22,7267.T,2021-06-30,0.00904207562961272
23,7267.T,2021-09-30,0.008929590498958896
24,7751.T,2020-12-31,0.009701162147205313
25,7751.T,2021-03-31,0.009025479177892388
26,7751.T,2021-06-30,0.00904207562961272
27,7751.T,2021-09-30,0.008929590498958896
28,A,2021-01-31,1.0
29,A,2021-04-30,1.0
30,A,2021-07-31,1.0
31,A,2021-10-31,1.0
32,AA,2021-03-31,1.0
33,AA,2021-06-30,1.0
34,AA,2021-09-30,1.0
35,AA,2021-12-31,1.0
36,AAL,2021-03-31,1.0
37,AAL,2021-06-30,1.0
38,AAL,2021-09-30,1.0
39,AAL,2021-12-31,1.0
40,AAP,2021-01-02,1.0
41,AAP,2021-04-24,1.0
42,AAP,2021-07-17,1.0
43,AAP,2021-10-09,1.0
44,ABBN.SW,2020-12-31,1.1359933345676727
45,ABBN.SW,2021-03-31,1.0591689250225838
46,ABBN.SW,2021-06-30,1.0823315118397083
47,ABBN.SW,2021-09-30,1.0691597414589105
48,ABEV3.SA,2021-03-31,0.17393819816345
49,ABEV3.SA,2021-06-30,0.2012531752751905
50,ABEV3.SA,2021-09-30,0.1848764988583928
51,ABEV3.SA,2021-12-31,0.17949002392989016
52,ABT,2020-12-31,1.0
53,ABT,2021-03-31,1.0
54,ABT,2021-06-30,1.0
55,ABT,2021-09-30,1.0
56,ABX.TO,2020-12-31,0.7849421096398644
57,ABX.TO,2021-03-31,0.7931944256528211
58,ABX.TO,2021-06-30,0.807227278902323
59,ABX.TO,2021-09-30,0.7850169491525423
60,ACA,2021-03-31,1.0
61,ACA,2021-06-30,1.0
62,ACA,2021-09-30,1.0
63,ACA,2021-12-31,1.0
64,ADI,2021-01-30,1.0
65,ADI,2021-05-01,1.0
66,ADI,2021-07-31,1.0
67,ADI,2021-10-30,1.0
68,ADM,2020-12-31,1.0
69,ADM,2021-03-31,1.0
70,ADM,2021-06-30,1.0
71,ADM,2021-09-30,1.0
72,AGCO,2020-12-31,1.0
73,AGCO,2021-03-31,1.0
74,AGCO,2021-06-30,1.0
75,AGCO,2021-09-30,1.0
76,AGR,2020-12-31,1.0
77,AGR,2021-03-31,1.0
78,AGR,2021-06-30,1.0
79,AGR,2021-09-30,1.0
80,AIMC,2020-12-31,1.0
81,AIMC,2021-03-31,1.0
82,AIMC,2021-06-30,1.0
83,AIMC,2021-09-30,1.0
84,AIR,2021-02-28,1.0
85,AIR,2021-05-31,1.0
86,AIR,2021-08-31,1.0
87,AIR,2021-11-30,1.0
88,ALB,2021-03-31,1.0
89,ALB,2021-06-30,1.0
90,ALB,2021-09-30,1.0
91,ALB,2021-12-31,1.0
92,ALC,2020-12-31,1.0
93,ALC,2021-03-31,1.0
94,ALC,2021-06-30,1.0
95,ALC,2021-09-30,1.0
96,ALKS,2020-12-31,1.0
97,ALKS,2021-03-31,1.0
98,ALKS,2021-06-30,1.0
99,ALKS,2021-09-30,1.0
100,AMAT,2021-01-31,1.0
101,AMAT,2021-05-02,1.0
102,AMAT,2021-08-01,1.0
103,AMAT,2021-10-31,1.0
104,AMD,2021-03-27,1.0
105,AMD,2021-06-26,1.0
106,AMD,2021-09-25,1.0
107,AMD,2021-12-25,1.0
108,AME,2020-12-31,1.0
109,AME,2021-03-31,1.0
110,AME,2021-06-30,1.0
111,AME,2021-09-30,1.0
112,AMKR,2020-12-31,1.0
113,AMKR,2021-03-31,1.0
114,AMKR,2021-06-30,1.0
115,AMKR,2021-09-30,1.0
116,APD,2020-12-31,1.0
117,APD,2021-03-31,1.0
118,APD,2021-06-30,1.0
119,APD,2021-09-30,1.0
120,APH,2021-03-31,1.0
121,APH,2021-06-30,1.0
122,APH,2021-09-30,1.0
123,APH,2021-12-31,1.0
124,APTV,2021-03-31,1.0
125,APTV,2021-06-30,1.0
126,APTV,2021-09-30,1.0
127,APTV,2021-12-31,1.0
128,AQN,2020-12-31,1.0
129,AQN,2021-03-31,1.0
130,AQN,2021-06-30,1.0
131,AQN,2021-09-30,1.0
132,ARNC,2020-12-31,1.0
133,ARNC,2021-03-31,1.0
134,ARNC,2021-06-30,1.0
135,ARNC,2021-09-30,1.0
136,ARRY,2020-12-31,1.0
137,ARRY,2021-03-31,1.0
138,ARRY,2021-06-30,1.0
139,ARRY,2021-09-30,1.0
140,ARW,2020-12-31,1.0
141,ARW,2021-04-03,1.0
142,ARW,2021-07-03,1.0
143,ARW,2021-10-02,1.0
144,ASH,2020-12-31,1.0
145,ASH,2021-03-31,1.0
146,ASH,2021-06-30,1.0
147,ASH,2021-09-30,1.0
148,ATKR,2020-12-25,1.0
149,ATKR,2021-03-26,1.0
150,ATKR,2021-06-25,1.0
151,ATKR,2021-09-30,1.0
152,ATO,2020-12-31,1.0
153,ATO,2021-03-31,1.0
154,ATO,2021-06-30,1.0
155,ATO,2021-09-30,1.0
156,AU,2020-09-30,1.0
157,AU,2020-12-31,1.0
158,AU,2021-03-31,1.0
159,AU,2021-06-30,1.0
160,AVT,2021-04-03,1.0
161,AVT,2021-07-03,1.0
162,AVT,2021-10-02,1.0
163,AVT,2022-01-01,1.0
164,AYI,2021-02-28,1.0
165,AYI,2021-05-31,1.0
166,AYI,2021-08-31,1.0
167,AYI,2021-11-30,1.0
168,AZO,2021-02-13,1.0
169,AZO,2021-05-08,1.0
170,AZO,2021-08-28,1.0
171,AZO,2021-11-20,1.0
172,BA,2021-03-31,1.0
173,BA,2021-06-30,1.0
174,BA,2021-09-30,1.0
175,BA,2021-12-31,1.0
176,BABA,2020-12-31,1.0
177,BABA,2021-03-31,1.0
178,BABA,2021-06-30,1.0
179,BABA,2021-09-30,1.0
180,BAK,2020-12-31,1.0
181,BAK,2021-03-31,1.0
182,BAK,2021-06-30,1.0
183,BAK,2021-09-30,1.0
184,BATS.L,2021-03-31,1.3760283538123907
185,BATS.L,2021-06-30,1.3850008740749373
186,BATS.L,2021-09-30,1.3455661046099496
187,BATS.L,2021-12-31,1.347884038653782
188,BAX,2020-12-31,1.0
189,BAX,2021-03-31,1.0
190,BAX,2021-06-30,1.0
191,BAX,2021-09-30,1.0
192,BBWI,2021-01-30,1.0
193,BBWI,2021-05-01,1.0
194,BBWI,2021-07-31,1.0
195,BBWI,2021-10-30,1.0
196,BBY,2021-01-30,1.0
197,BBY,2021-05-01,1.0
198,BBY,2021-07-31,1.0
199,BBY,2021-10-30,1.0
200,BC,2020-12-31,1.0
201,BC,2021-04-03,1.0
202,BC,2021-07-03,1.0
203,BC,2021-10-02,1.0
204,BCC,2020-12-31,1.0
205,BCC,2021-03-31,1.0
206,BCC,2021-06-30,1.0
207,BCC,2021-09-30,1.0
208,BDX,2020-12-31,1.0
209,BDX,2021-03-31,1.0
210,BDX,2021-06-30,1.0
211,BDX,2021-09-30,1.0
212,BECN,2020-12-31,1.0
213,BECN,2021-03-31,1.0
214,BECN,2021-06-30,1.0
215,BECN,2021-09-30,1.0
216,BF-B,2021-04-30,1.0
217,BF-B,2021-07-31,1.0
218,BF-B,2021-10-31,1.0
219,BF-B,2022-01-31,1.0
220,BIIB,2020-12-31,1.0
221,BIIB,2021-03-31,1.0
222,BIIB,2021-06-30,1.0
223,BIIB,2021-09-30,1.0
224,BIO,2020-12-31,1.0
225,BIO,2021-03-31,1.0
226,BIO,2021-06-30,1.0
227,BIO,2021-09-30,1.0
228,BKR,2020-12-31,1.0
229,BKR,2021-03-31,1.0
230,BKR,2021-06-30,1.0
231,BKR,2021-09-30,1.0
232,BLD,2020-12-31,1.0
233,BLD,2021-03-31,1.0
234,BLD,2021-06-30,1.0
235,BLD,2021-09-30,1.0
236,BP,2020-12-31,1.0
237,BP,2021-03-31,1.0
238,BP,2021-06-30,1.0
239,BP,2021-09-30,1.0
240,BRBR,2021-03-31,1.0
241,BRBR,2021-06-30,1.0
242,BRBR,2021-09-30,1.0
243,BRBR,2021-12-31,1.0
244,BRK-A,2020-12-31,1.0
245,BRK-A,2021-03-31,1.0
246,BRK-A,2021-06-30,1.0
247,BRK-A,2021-09-30,1.0
248,BSX,2020-12-31,1.0
249,BSX,2021-03-31,1.0
250,BSX,2021-06-30,1.0
251,BSX,2021-09-30,1.0
252,BWA,2020-12-31,1.0
253,BWA,2021-03-31,1.0
254,BWA,2021-06-30,1.0
255,BWA,2021-09-30,1.0
256,CCO,2021-03-31,1.0
257,CCO,2021-06-30,1.0
258,CCO,2021-09-30,1.0
259,CCO,2021-12-31,1.0
260,CCS,2021-03-31,1.0
261,CCS,2021-06-30,1.0
262,CCS,2021-09-30,1.0
263,CCS,2021-12-31,1.0
264,CCU,2020-12-31,1.0
265,CCU,2021-03-31,1.0
266,CCU,2021-06-30,1.0
267,CCU,2021-09-30,1.0
268,CDE,2021-03-31,1.0
269,CDE,2021-06-30,1.0
270,CDE,2021-09-30,1.0
271,CDE,2021-12-31,1.0
272,CENX,2021-06-30,1.0
273,CENX,2021-09-30,1.0
274,CENX,2021-12-31,1.0
275,CENX,2022-03-31,1.0
276,CF,2021-03-31,1.0
277,CF,2021-06-30,1.0
278,CF,2021-09-30,1.0
279,CF,2021-12-31,1.0
280,CHD,2021-06-30,1.0
281,CHD,2021-09-30,1.0
282,CHD,2021-12-31,1.0
283,CHD,2022-03-31,1.0
284,CHX,2021-06-30,1.0
285,CHX,2021-09-30,1.0
286,CHX,2021-12-31,1.0
287,CHX,2022-03-31,1.0
288,CIEN,2021-05-01,1.0
289,CIEN,2021-07-31,1.0
290,CIEN,2021-10-30,1.0
291,CIEN,2022-01-29,1.0
292,CLMT,2021-03-31,1.0
293,CLMT,2021-06-30,1.0
294,CLMT,2021-09-30,1.0
295,CLMT,2021-12-31,1.0
296,CLS,2021-06-30,1.0
297,CLS,2021-09-30,1.0
298,CLS,2021-12-31,1.0
299,CLS,2022-03-31,1.0
300,CMC,2021-05-31,1.0
301,CMC,2021-08-31,1.0
302,CMC,2021-11-30,1.0
303,CMC,2022-02-28,1.0
304,CMCO,2021-03-31,1.0
305,CMCO,2021-06-30,1.0
306,CMCO,2021-09-30,1.0
307,CMCO,2021-12-31,1.0
308,CMI,2021-04-04,1.0
309,CMI,2021-07-04,1.0
310,CMI,2021-10-03,1.0
311,CMI,2021-12-31,1.0
312,CNQ,2021-03-31,1.0
313,CNQ,2021-06-30,1.0
314,CNQ,2021-09-30,1.0
315,CNQ,2021-12-31,1.0
316,CNR,2021-04-03,1.0
317,CNR,2021-07-03,1.0
318,CNR,2021-10-02,1.0
319,CNR,2021-12-31,1.0
320,COHR,2021-04-03,1.0
321,COHR,2021-07-03,1.0
322,COHR,2021-10-02,1.0
323,COHR,2022-01-01,1.0
324,COHU,2021-06-26,1.0
325,COHU,2021-09-25,1.0
326,COHU,2021-12-25,1.0
327,COHU,2022-03-31,1.0
328,COP,2021-03-31,1.0
329,COP,2021-06-30,1.0
330,COP,2021-09-30,1.0
331,COP,2021-12-31,1.0
332,COST,2021-02-14,1.0
333,COST,2021-05-09,1.0
334,COST,2021-08-29,1.0
335,COST,2021-11-21,1.0
336,CPAC,2020-12-31,1.0
337,CPAC,2021-03-31,1.0
338,CPAC,2021-06-30,1.0
339,CPAC,2021-09-30,1.0
340,CR,2021-03-31,1.0
341,CR,2021-06-30,1.0
342,CR,2021-09-30,1.0
343,CR,2021-12-31,1.0
344,CRG.IR,2020-09-30,1.1708
345,CRG.IR,2020-12-31,1.2271
346,CRG.IR,2021-03-31,1.1725
347,CRG.IR,2021-06-30,1.0385
348,CRL,2020-12-26,1.0
349,CRL,2021-03-27,1.0
350,CRL,2021-06-26,1.0
351,CRL,2021-09-25,1.0
352,CRS,2021-03-31,1.0
353,CRS,2021-06-30,1.0
354,CRS,2021-09-30,1.0
355,CRS,2021-12-31,1.0
356,CRSR,2021-03-31,1.0
357,CRSR,2021-06-30,1.0
358,CRSR,2021-09-30,1.0
359,CRSR,2021-12-31,1.0
360,CSCO,2021-01-23,1.0
361,CSCO,2021-05-01,1.0
362,CSCO,2021-07-31,1.0
363,CSCO,2021-10-30,1.0
364,CSL,2020-12-31,1.0
365,CSL,2021-03-31,1.0
366,CSL,2021-06-30,1.0
367,CSL,2021-09-30,1.0
368,CSTM,2020-12-31,1.0
369,CSTM,2021-03-31,1.0
370,CSTM,2021-06-30,1.0
371,CSTM,2021-09-30,1.0
372,CTAS,2021-02-28,1.0
373,CTAS,2021-05-31,1.0
374,CTAS,2021-08-31,1.0
375,CTAS,2021-11-30,1.0
376,CTLT,2020-12-31,1.0
377,CTLT,2021-03-31,1.0
378,CTLT,2021-06-30,1.0
379,CTLT,2021-09-30,1.0
380,CTVA,2020-12-31,1.0
381,CTVA,2021-03-31,1.0
382,CTVA,2021-06-30,1.0
383,CTVA,2021-09-30,1.0
384,CVE,2020-12-31,1.0
385,CVE,2021-03-31,1.0
386,CVE,2021-06-30,1.0
387,CVE,2021-09-30,1.0
388,CVX,2021-03-31,1.0
389,CVX,2021-06-30,1.0
390,CVX,2021-09-30,1.0
391,CVX,2021-12-31,1.0
392,CYH,2020-12-31,1.0
393,CYH,2021-03-31,1.0
394,CYH,2021-06-30,1.0
395,CYH,2021-09-30,1.0
396,DAR,2021-01-02,1.0
397,DAR,2021-04-03,1.0
398,DAR,2021-07-03,1.0
399,DAR,2021-10-02,1.0
400,DBD,2020-12-31,1.0
401,DBD,2021-03-31,1.0
402,DBD,2021-06-30,1.0
403,DBD,2021-09-30,1.0
404,DD,2020-12-31,1.0
405,DD,2021-03-31,1.0
406,DD,2021-06-30,1.0
407,DD,2021-09-30,1.0
408,DDS,2021-01-30,1.0
409,DDS,2021-05-01,1.0
410,DDS,2021-07-31,1.0
411,DDS,2021-10-30,1.0
412,DGX,2020-12-31,1.0
413,DGX,2021-03-31,1.0
414,DGX,2021-06-30,1.0
415,DGX,2021-09-30,1.0
416,DHI,2020-12-31,1.0
417,DHI,2021-03-31,1.0
418,DHI,2021-06-30,1.0
419,DHI,2021-09-30,1.0
420,DHR,2021-04-02,1.0
421,DHR,2021-07-02,1.0
422,DHR,2021-10-01,1.0
423,DHR,2021-12-31,1.0
424,DIS,2021-01-02,1.0
425,DIS,2021-04-03,1.0
426,DIS,2021-07-03,1.0
427,DIS,2021-10-02,1.0
428,DOLE,2020-06-30,1.0
429,DOLE,2020-09-30,1.0
430,DOLE,2021-03-31,1.0
431,DOLE,2021-09-30,1.0
432,DOV,2020-12-31,1.0
433,DOV,2021-03-31,1.0
434,DOV,2021-06-30,1.0
435,DOV,2021-09-30,1.0
436,EAF,2020-12-31,1.0
437,EAF,2021-03-31,1.0
438,EAF,2021-06-30,1.0
439,EAF,2021-09-30,1.0
440,EBS,2020-12-31,1.0
441,EBS,2021-03-31,1.0
442,EBS,2021-06-30,1.0
443,EBS,2021-09-30,1.0
444,EC,2021-03-31,1.0
445,EC,2021-06-30,1.0
446,EC,2021-09-30,1.0
447,EC,2021-12-31,1.0
448,ELAN,2020-12-31,1.0
449,ELAN,2021-03-31,1.0
450,ELAN,2021-06-30,1.0
451,ELAN,2021-09-30,1.0
452,ELD.TO,2021-03-31,0.7931944256528211
453,ELD.TO,2021-06-30,0.807227278902323
454,ELD.TO,2021-09-30,0.7850169491525423
455,ELD.TO,2021-12-31,0.7869103036198152
456,EMN,2020-12-31,1.0
457,EMN,2021-03-31,1.0
458,EMN,2021-06-30,1.0
459,EMN,2021-09-30,1.0
460,EMR,2020-12-31,1.0
461,EMR,2021-03-31,1.0
462,EMR,2021-06-30,1.0
463,EMR,2021-09-30,1.0
464,ENDP,2020-12-31,1.0
465,ENDP,2021-03-31,1.0
466,ENDP,2021-06-30,1.0
467,ENDP,2021-09-30,1.0
468,ENELAM.SN,2020-12-31,0.0013
469,ENELAM.SN,2021-03-31,0.0014
470,ENELAM.SN,2021-06-30,0.0014
471,ENELAM.SN,2021-09-30,0.0012
472,ENI.MI,2021-03-31,1.1725
473,ENI.MI,2021-06-30,1.1884
474,ENI.MI,2021-09-30,1.1579
475,ENI.MI,2021-12-31,1.1326
476,ENS,2021-01-03,1.0
477,ENS,2021-03-31,1.0
478,ENS,2021-07-04,1.0
479,ENS,2021-10-03,1.0
480,ENTG,2020-12-31,1.0
481,ENTG,2021-04-03,1.0
482,ENTG,2021-07-03,1.0
483,ENTG,2021-10-02,1.0
484,EOG,2020-12-31,1.0
485,EOG,2021-03-31,1.0
486,EOG,2021-06-30,1.0
487,EOG,2021-09-30,1.0
488,EPC,2021-03-31,1.0
489,EPC,2021-06-30,1.0
490,EPC,2021-09-30,1.0
491,EPC,2021-12-31,1.0
492,ERIC-B.ST,2021-03-31,0.1145209653946456
493,ERIC-B.ST,2021-06-30,0.11753535753140143
494,ERIC-B.ST,2021-09-30,0.1138735088461198
495,ERIC-B.ST,2021-12-31,0.11049432699530747
496,ESI,2020-12-31,1.0
497,ESI,2021-03-31,1.0
498,ESI,2021-06-30,1.0
499,ESI,2021-09-30,1.0
500,ETN,2021-03-31,1.0
501,ETN,2021-06-30,1.0
502,ETN,2021-09-30,1.0
503,ETN,2021-12-31,1.0
504,EW,2021-03-31,1.0
505,EW,2021-06-30,1.0
506,EW,2021-09-30,1.0
507,EW,2021-12-31,1.0
508,EXP,2020-12-31,1.0
509,EXP,2021-03-31,1.0
510,EXP,2021-06-30,1.0
511,EXP,2021-09-30,1.0
512,FBHS,2021-03-31,1.0
513,FBHS,2021-06-30,1.0
514,FBHS,2021-09-30,1.0
515,FBHS,2021-12-31,1.0
516,FCFS,2021-03-31,1.0
517,FCFS,2021-06-30,1.0
518,FCFS,2021-09-30,1.0
519,FCFS,2021-12-31,1.0
520,FCX,2021-03-31,1.0
521,FCX,2021-06-30,1.0
522,FCX,2021-09-30,1.0
523,FCX,2021-12-31,1.0
524,FEMSAUBD.MX,2017-09-30,0.05501039074804067
525,FEMSAUBD.MX,2017-12-31,0.0506863557216033
526,FEMSAUBD.MX,2018-03-31,0.05469946592437702
527,FEMSAUBD.MX,2018-06-30,0.05094901165560251
528,FERG,2020-10-31,1.0
529,FERG,2021-04-30,1.0
530,FERG,2021-07-31,1.0
531,FERG,2021-10-31,1.0
532,FET,2020-12-31,1.0
533,FET,2021-03-31,1.0
534,FET,2021-06-30,1.0
535,FET,2021-09-30,1.0
536,FISV,2020-12-31,1.0
537,FISV,2021-03-31,1.0
538,FISV,2021-06-30,1.0
539,FISV,2021-09-30,1.0
540,FLO,2021-04-24,1.0
541,FLO,2021-07-17,1.0
542,FLO,2021-10-09,1.0
543,FLO,2022-01-01,1.0
544,FLOW,2020-12-31,1.0
545,FLOW,2021-04-03,1.0
546,FLOW,2021-07-03,1.0
547,FLOW,2021-10-02,1.0
548,FME.DE,2020-12-31,1.2271
549,FME.DE,2021-03-31,1.1725
550,FME.DE,2021-06-30,1.1884
551,FME.DE,2021-09-30,1.1579
552,FPH,2020-12-31,1.0
553,FPH,2021-03-31,1.0
554,FPH,2021-06-30,1.0
555,FPH,2021-09-30,1.0
556,FREE,2020-12-31,1.0
557,FREE,2021-03-31,1.0
558,FREE,2021-06-30,1.0
559,FREE,2021-09-30,1.0
560,FTNT,2020-12-31,1.0
561,FTNT,2021-03-31,1.0
562,FTNT,2021-06-30,1.0
563,FTNT,2021-09-30,1.0
564,FTV,2021-04-02,1.0
565,FTV,2021-07-02,1.0
566,FTV,2021-10-01,1.0
567,FTV,2021-12-31,1.0
568,GBX,2020-11-30,1.0
569,GBX,2021-02-28,1.0
570,GBX,2021-05-31,1.0
571,GBX,2021-08-31,1.0
572,GD,2021-04-04,1.0
573,GD,2021-07-04,1.0
574,GD,2021-10-03,1.0
575,GD,2021-12-31,1.0
576,GFI,2021-03-31,1.0
577,GFI,2021-06-30,1.0
578,GFI,2021-09-30,1.0
579,GFI,2021-12-31,1.0
580,GGBR4.SA,2021-03-31,0.17393819816345
581,GGBR4.SA,2021-06-30,0.2012531752751905
582,GGBR4.SA,2021-09-30,0.1848764988583928
583,GGBR4.SA,2021-12-31,0.17949002392989016
584,GHC,2021-03-31,1.0
585,GHC,2021-06-30,1.0
586,GHC,2021-09-30,1.0
587,GHC,2021-12-31,1.0
588,GIII,2021-01-31,1.0
589,GIII,2021-04-30,1.0
590,GIII,2021-07-31,1.0
591,GIII,2021-10-31,1.0
592,GLT,2020-12-31,1.0
593,GLT,2021-03-31,1.0
594,GLT,2021-06-30,1.0
595,GLT,2021-09-30,1.0
596,GLW,2020-12-31,1.0
597,GLW,2021-03-31,1.0
598,GLW,2021-06-30,1.0
599,GLW,2021-09-30,1.0
600,GOOGL,2020-12-31,1.0
601,GOOGL,2021-03-31,1.0
602,GOOGL,2021-06-30,1.0
603,GOOGL,2021-09-30,1.0
604,GTX,2021-03-31,1.0
605,GTX,2021-06-30,1.0
606,GTX,2021-09-30,1.0
607,GTX,2021-12-31,1.0
608,HBM,2020-12-31,1.0
609,HBM,2021-03-31,1.0
610,HBM,2021-06-30,1.0
611,HBM,2021-09-30,1.0
612,HCC,2021-03-31,1.0
613,HCC,2021-06-30,1.0
614,HCC,2021-09-30,1.0
615,HCC,2021-12-31,1.0
616,HFC,2020-12-31,1.0
617,HFC,2021-03-31,1.0
618,HFC,2021-06-30,1.0
619,HFC,2021-09-30,1.0
620,HII,2021-03-31,1.0
621,HII,2021-06-30,1.0
622,HII,2021-09-30,1.0
623,HII,2021-12-31,1.0
624,HLF,2020-12-31,1.0
625,HLF,2021-03-31,1.0
626,HLF,2021-06-30,1.0
627,HLF,2021-09-30,1.0
628,HOLX,2021-03-27,1.0
629,HOLX,2021-06-26,1.0
630,HOLX,2021-09-25,1.0
631,HOLX,2021-12-25,1.0
632,HPE,2021-01-31,1.0
633,HPE,2021-04-30,1.0
634,HPE,2021-07-31,1.0
635,HPE,2021-10-31,1.0
636,HPQ,2021-01-31,1.0
637,HPQ,2021-04-30,1.0
638,HPQ,2021-07-31,1.0
639,HPQ,2021-10-31,1.0
640,HRL,2021-01-24,1.0
641,HRL,2021-04-25,1.0
642,HRL,2021-07-25,1.0
643,HRL,2021-10-31,1.0
644,HUBB,2021-03-31,1.0
645,HUBB,2021-06-30,1.0
646,HUBB,2021-09-30,1.0
647,HUBB,2021-12-31,1.0
648,HUN,2020-12-31,1.0
649,HUN,2021-03-31,1.0
650,HUN,2021-06-30,1.0
651,HUN,2021-09-30,1.0
652,HXL,2021-03-31,1.0
653,HXL,2021-06-30,1.0
654,HXL,2021-09-30,1.0
655,HXL,2021-12-31,1.0
656,HY,2020-12-31,1.0
657,HY,2021-03-31,1.0
658,HY,2021-06-30,1.0
659,HY,2021-09-30,1.0
660,HZNP,2021-03-31,1.0
661,HZNP,2021-06-30,1.0
662,HZNP,2021-09-30,1.0
663,HZNP,2021-12-31,1.0
664,ICL,2020-12-31,1.0
665,ICL,2021-03-31,1.0
666,ICL,2021-06-30,1.0
667,ICL,2021-09-30,1.0
668,ICUI,2020-12-31,1.0
669,ICUI,2021-03-31,1.0
670,ICUI,2021-06-30,1.0
671,ICUI,2021-09-30,1.0
672,IEP,2020-12-31,1.0
673,IEP,2021-03-31,1.0
674,IEP,2021-06-30,1.0
675,IEP,2021-09-30,1.0
676,IEX,2020-12-31,1.0
677,IEX,2021-03-31,1.0
678,IEX,2021-06-30,1.0
679,IEX,2021-09-30,1.0
680,IFF,2021-03-31,1.0
681,IFF,2021-06-30,1.0
682,IFF,2021-09-30,1.0
683,IFF,2021-12-31,1.0
684,IIVI,2020-12-31,1.0
685,IIVI,2021-03-31,1.0
686,IIVI,2021-06-30,1.0
687,IIVI,2021-09-30,1.0
688,ILMN,2021-01-03,1.0
689,ILMN,2021-04-04,1.0
690,ILMN,2021-07-04,1.0
691,ILMN,2021-10-03,1.0
692,IMG.TO,2020-12-31,0.7689744539059608
693,IMG.TO,2021-03-31,0.7931944256528211
694,IMG.TO,2021-06-30,0.807227278902323
695,IMG.TO,2021-09-30,0.7850169491525423
696,IMKTA,2020-12-26,1.0
697,IMKTA,2021-03-27,1.0
698,IMKTA,2021-06-26,1.0
699,IMKTA,2021-09-25,1.0
700,IMO,2020-12-31,1.0
701,IMO,2021-03-31,1.0
702,IMO,2021-06-30,1.0
703,IMO,2021-09-30,1.0
704,INGR,2020-12-31,1.0
705,INGR,2021-03-31,1.0
706,INGR,2021-06-30,1.0
707,INGR,2021-09-30,1.0
708,INTC,2021-03-27,1.0
709,INTC,2021-06-26,1.0
710,INTC,2021-09-25,1.0
711,INTC,2021-12-25,1.0
712,IR,2020-12-31,1.0
713,IR,2021-03-31,1.0
714,IR,2021-06-30,1.0
715,IR,2021-09-30,1.0
716,ITGR,2021-04-02,1.0
717,ITGR,2021-07-02,1.0
718,ITGR,2021-10-01,1.0
719,ITGR,2021-12-31,1.0
720,ITT,2021-03-31,1.0
721,ITT,2021-07-03,1.0
722,ITT,2021-10-02,1.0
723,ITT,2021-12-31,1.0
724,JCI,2020-12-31,1.0
725,JCI,2021-03-31,1.0
726,JCI,2021-06-30,1.0
727,JCI,2021-09-30,1.0
728,JD,2020-12-31,1.0
729,JD,2021-03-31,1.0
730,JD,2021-06-30,1.0
731,JD,2021-09-30,1.0
732,JNJ,2021-04-04,1.0
733,JNJ,2021-07-04,1.0
734,JNJ,2021-10-03,1.0
735,JNJ,2022-01-02,1.0
736,JNPR,2020-12-31,1.0
737,JNPR,2021-03-31,1.0
738,JNPR,2021-06-30,1.0
739,JNPR,2021-09-30,1.0
740,K,2021-01-02,1.0
741,K,2021-04-03,1.0
742,K,2021-07-03,1.0
743,K,2021-10-02,1.0
744,KAMN,2021-04-02,1.0
745,KAMN,2021-07-02,1.0
746,KAMN,2021-10-01,1.0
747,KAMN,2021-12-31,1.0
748,KBH,2021-02-28,1.0
749,KBH,2021-05-31,1.0
750,KBH,2021-08-31,1.0
751,KBH,2021-11-30,1.0
752,KDP,2020-12-31,1.0
753,KDP,2021-03-31,1.0
754,KDP,2021-06-30,1.0
755,KDP,2021-09-30,1.0
756,KEX,2020-12-31,1.0
757,KEX,2021-03-31,1.0
758,KEX,2021-06-30,1.0
759,KEX,2021-09-30,1.0
760,KEY,2020-12-31,1.0
761,KEY,2021-03-31,1.0
762,KEY,2021-06-30,1.0
763,KEY,2021-09-30,1.0
764,KEYS,2021-01-31,1.0
765,KEYS,2021-04-30,1.0
766,KEYS,2021-07-31,1.0
767,KEYS,2021-10-31,1.0
768,KHC,2020-12-26,1.0
769,KHC,2021-03-27,1.0
770,KHC,2021-06-26,1.0
771,KHC,2021-09-25,1.0
772,KMT,2021-03-31,1.0
773,KMT,2021-06-30,1.0
774,KMT,2021-09-30,1.0
775,KMT,2021-12-31,1.0
776,KODK,2020-12-31,1.0
777,KODK,2021-03-31,1.0
778,KODK,2021-06-30,1.0
779,KODK,2021-09-30,1.0
780,KOF,2020-12-31,1.0
781,KOF,2021-03-31,1.0
782,KOF,2021-06-30,1.0
783,KOF,2021-09-30,1.0
784,KRO,2020-12-31,1.0
785,KRO,2021-03-31,1.0
786,KRO,2021-06-30,1.0
787,KRO,2021-09-30,1.0
788,KT,2020-12-31,1.0
789,KT,2021-03-31,1.0
790,KT,2021-06-30,1.0
791,KT,2021-09-30,1.0
792,LCI,2021-03-31,1.0
793,LCI,2021-06-30,1.0
794,LCI,2021-09-30,1.0
795,LCI,2021-12-31,1.0
796,LEA,2020-12-31,1.0
797,LEA,2021-04-03,1.0
798,LEA,2021-07-03,1.0
799,LEA,2021-10-02,1.0
800,LEN,2021-02-28,1.0
801,LEN,2021-05-31,1.0
802,LEN,2021-08-31,1.0
803,LEN,2021-11-30,1.0
804,LGIH,2020-12-31,1.0
805,LGIH,2021-03-31,1.0
806,LGIH,2021-06-30,1.0
807,LGIH,2021-09-30,1.0
808,LH,2020-12-31,1.0
809,LH,2021-03-31,1.0
810,LH,2021-06-30,1.0
811,LH,2021-09-30,1.0
812,LHX,2021-01-01,1.0
813,LHX,2021-04-02,1.0
814,LHX,2021-07-02,1.0
815,LHX,2021-10-01,1.0
816,LII,2020-12-31,1.0
817,LII,2021-03-31,1.0
818,LII,2021-06-30,1.0
819,LII,2021-09-30,1.0
820,LIN,2021-03-31,1.0
821,LIN,2021-06-30,1.0
822,LIN,2021-09-30,1.0
823,LIN,2021-12-31,1.0
824,LITE,2021-04-03,1.0
825,LITE,2021-07-03,1.0
826,LITE,2021-10-02,1.0
827,LITE,2022-01-01,1.0
828,LKQ,2020-12-31,1.0
829,LKQ,2021-03-31,1.0
830,LKQ,2021-06-30,1.0
831,LKQ,2021-09-30,1.0
832,LPX,2020-12-31,1.0
833,LPX,2021-03-31,1.0
834,LPX,2021-06-30,1.0
835,LPX,2021-09-30,1.0
836,LRCX,2020-12-27,1.0
837,LRCX,2021-03-28,1.0
838,LRCX,2021-06-27,1.0
839,LRCX,2021-09-26,1.0
840,LYLT,2021-03-31,1.0
841,LYLT,2021-06-30,1.0
842,LYLT,2021-09-30,1.0
843,LYLT,2021-12-31,1.0
844,MDC,2021-03-31,1.0
845,MDC,2021-06-30,1.0
846,MDC,2021-09-30,1.0
847,MDC,2021-12-31,1.0
848,MDLZ,2020-12-31,1.0
849,MDLZ,2021-03-31,1.0
850,MDLZ,2021-06-30,1.0
851,MDLZ,2021-09-30,1.0
852,MDT,2021-01-29,1.0
853,MDT,2021-04-30,1.0
854,MDT,2021-07-30,1.0
855,MDT,2021-10-29,1.0
856,MDU,2020-12-31,1.0
857,MDU,2021-03-31,1.0
858,MDU,2021-06-30,1.0
859,MDU,2021-09-30,1.0
860,MG,2020-12-31,1.0
861,MG,2021-03-31,1.0
862,MG,2021-06-30,1.0
863,MG,2021-09-30,1.0
864,MHK,2020-12-31,1.0
865,MHK,2021-04-03,1.0
866,MHK,2021-07-03,1.0
867,MHK,2021-10-02,1.0
868,MHO,2020-12-31,1.0
869,MHO,2021-03-31,1.0
870,MHO,2021-06-30,1.0
871,MHO,2021-09-30,1.0
872,MIR,2020-06-30,1.0
873,MIR,2020-09-30,1.0
874,MIR,2021-06-30,1.0
875,MIR,2021-09-30,1.0
876,MKSI,2021-03-31,1.0
877,MKSI,2021-06-30,1.0
878,MKSI,2021-09-30,1.0
879,MKSI,2021-12-31,1.0
880,MLKN,2021-02-27,1.0
881,MLKN,2021-05-29,1.0
882,MLKN,2021-08-28,1.0
883,MLKN,2021-11-27,1.0
884,MLM,2021-03-31,1.0
885,MLM,2021-06-30,1.0
886,MLM,2021-09-30,1.0
887,MLM,2021-12-31,1.0
888,MOG-A,2021-04-03,1.0
889,MOG-A,2021-07-03,1.0
890,MOG-A,2021-10-02,1.0
891,MOG-A,2022-01-01,1.0
892,MOS,2020-12-31,1.0
893,MOS,2021-03-31,1.0
894,MOS,2021-06-30,1.0
895,MOS,2021-09-30,1.0
896,MRVL,2021-01-30,1.0
897,MRVL,2021-05-01,1.0
898,MRVL,2021-07-31,1.0
899,MRVL,2021-10-30,1.0
900,MSFT,2020-12-31,1.0
901,MSFT,2021-03-31,1.0
902,MSFT,2021-06-30,1.0
903,MSFT,2021-09-30,1.0
904,MSI,2020-12-31,1.0
905,MSI,2021-04-03,1.0
906,MSI,2021-07-03,1.0
907,MSI,2021-10-02,1.0
908,MT,2020-12-31,1.0
909,MT,2021-03-31,1.0
910,MT,2021-06-30,1.0
911,MT,2021-09-30,1.0
912,MTH,2020-12-31,1.0
913,MTH,2021-03-31,1.0
914,MTH,2021-06-30,1.0
915,MTH,2021-09-30,1.0
916,MTW,2020-12-31,1.0
917,MTW,2021-03-31,1.0
918,MTW,2021-06-30,1.0
919,MTW,2021-09-30,1.0
920,MTX,2020-12-31,1.0
921,MTX,2021-04-04,1.0
922,MTX,2021-07-04,1.0
923,MTX,2021-10-03,1.0
924,MU,2021-03-04,1.0
925,MU,2021-06-03,1.0
926,MU,2021-09-02,1.0
927,MU,2021-12-02,1.0
928,MWA,2021-03-31,1.0
929,MWA,2021-06-30,1.0
930,MWA,2021-09-30,1.0
931,MWA,2021-12-31,1.0
932,NEM,2020-12-31,1.0
933,NEM,2021-03-31,1.0
934,NEM,2021-06-30,1.0
935,NEM,2021-09-30,1.0
936,NEU,2021-03-31,1.0
937,NEU,2021-06-30,1.0
938,NEU,2021-09-30,1.0
939,NEU,2021-12-31,1.0
940,NKE,2021-02-28,1.0
941,NKE,2021-05-31,1.0
942,NKE,2021-08-31,1.0
943,NKE,2021-11-30,1.0
944,NOKI34.SA,2020-03-31,0.19220715426045157
945,NOKI34.SA,2020-06-30,0.18321934618279392
946,NOKI34.SA,2020-09-30,0.19593754061531032
947,NOKI34.SA,2020-12-31,0.1925315760571115
948,NOMD,2021-03-31,1.0
949,NOMD,2021-06-30,1.0
950,NOMD,2021-09-30,1.0
951,NOMD,2021-12-31,1.0
952,NOV,2021-03-31,1.0
953,NOV,2021-06-30,1.0
954,NOV,2021-09-30,1.0
955,NOV,2021-12-31,1.0
956,NOVN,2020-12-31,1.0
957,NOVN,2021-03-31,1.0
958,NOVN,2021-06-30,1.0
959,NOVN,2021-09-30,1.0
960,NOVO-B.CO,2020-12-31,0.1649128465642597
961,NOVO-B.CO,2021-03-31,0.15765129818616974
962,NOVO-B.CO,2021-06-30,0.1598128076167935
963,NOVO-B.CO,2021-09-30,0.1557154384077461
964,NP,2020-12-31,1.0
965,NP,2021-03-31,1.0
966,NP,2021-06-30,1.0
967,NP,2021-09-30,1.0
968,NPO,2021-03-31,1.0
969,NPO,2021-06-30,1.0
970,NPO,2021-09-30,1.0
971,NPO,2021-12-31,1.0
972,NSC,2020-12-31,1.0
973,NSC,2021-03-31,1.0
974,NSC,2021-06-30,1.0
975,NSC,2021-09-30,1.0
976,NTCO3.SA,2020-12-31,0.1925315760571115
977,NTCO3.SA,2021-03-31,0.17393819816345
978,NTCO3.SA,2021-06-30,0.2012531752751905
979,NTCO3.SA,2021-09-30,0.1848764988583928
980,NTR,2020-12-31,1.0
981,NTR,2021-03-31,1.0
982,NTR,2021-06-30,1.0
983,NTR,2021-09-30,1.0
984,NUE,2020-12-31,1.0
985,NUE,2021-04-03,1.0
986,NUE,2021-07-03,1.0
987,NUE,2021-10-02,1.0
988,NVDA,2021-01-31,1.0
989,NVDA,2021-05-02,1.0
990,NVDA,2021-08-01,1.0
991,NVDA,2021-10-31,1.0
992,NVR,2020-12-31,1.0
993,NVR,2021-03-31,1.0
994,NVR,2021-06-30,1.0
995,NVR,2021-09-30,1.0
996,NVT,2020-12-31,1.0
997,NVT,2021-03-31,1.0
998,NVT,2021-06-30,1.0
999,NVT,2021-09-30,1.0
1000,NWSA,2021-03-31,1.0
1001,NWSA,2021-06-30,1.0
1002,NWSA,2021-09-30,1.0
1003,NWSA,2021-12-31,1.0
1004,NXPI,2020-12-31,1.0
1005,NXPI,2021-04-04,1.0
1006,NXPI,2021-07-04,1.0
1007,NXPI,2021-10-03,1.0
1008,OC,2020-12-31,1.0
1009,OC,2021-03-31,1.0
1010,OC,2021-06-30,1.0
1011,OC,2021-09-30,1.0
1012,OCDX,2021-04-04,1.0
1013,OCDX,2021-07-04,1.0
1014,OCDX,2021-10-03,1.0
1015,OCDX,2022-01-02,1.0
1016,OGE,2021-03-31,1.0
1017,OGE,2021-06-30,1.0
1018,OGE,2021-09-30,1.0
1019,OGE,2021-12-31,1.0
1020,OGN,2021-03-31,1.0
1021,OGN,2021-06-30,1.0
1022,OGN,2021-09-30,1.0
1023,OGN,2021-12-31,1.0
1024,OGS,2021-03-31,1.0
1025,OGS,2021-06-30,1.0
1026,OGS,2021-09-30,1.0
1027,OGS,2021-12-31,1.0
1028,OSK,2021-03-31,1.0
1029,OSK,2021-06-30,1.0
1030,OSK,2021-09-30,1.0
1031,OSK,2021-12-31,1.0
1032,OTIS,2021-03-31,1.0
1033,OTIS,2021-06-30,1.0
1034,OTIS,2021-09-30,1.0
1035,OTIS,2021-12-31,1.0
1036,PAMP.BA,2020-12-31,0.0119
1037,PAMP.BA,2021-03-31,0.0109
1038,PAMP.BA,2021-06-30,0.0104
1039,PAMP.BA,2021-09-30,0.0101
1040,PFE,2020-12-31,1.0
1041,PFE,2021-04-04,1.0
1042,PFE,2021-07-04,1.0
1043,PFE,2021-10-03,1.0
1044,PG,2021-03-31,1.0
1045,PG,2021-06-30,1.0
1046,PG,2021-09-30,1.0
1047,PG,2021-12-31,1.0
1048,PH,2021-03-31,1.0
1049,PH,2021-06-30,1.0
1050,PH,2021-09-30,1.0
1051,PH,2021-12-31,1.0
1052,PHIA.AS,2021-03-31,1.1725
1053,PHIA.AS,2021-06-30,1.1884
1054,PHIA.AS,2021-09-30,1.1579
1055,PHIA.AS,2021-12-31,1.1326
1056,PHM,2020-12-31,1.0
1057,PHM,2021-03-31,1.0
1058,PHM,2021-06-30,1.0
1059,PHM,2021-09-30,1.0
1060,PKG,2020-12-31,1.0
1061,PKG,2021-03-31,1.0
1062,PKG,2021-06-30,1.0
1063,PKG,2021-09-30,1.0
1064,PKI,2021-01-03,1.0
1065,PKI,2021-04-04,1.0
1066,PKI,2021-07-04,1.0
1067,PKI,2021-10-03,1.0
1068,PM,2020-12-31,1.0
1069,PM,2021-03-31,1.0
1070,PM,2021-06-30,1.0
1071,PM,2021-09-30,1.0
1072,PNR,2021-03-31,1.0
1073,PNR,2021-06-30,1.0
1074,PNR,2021-09-30,1.0
1075,PNR,2021-12-31,1.0
1076,POLY,2020-12-26,1.0
1077,POLY,2021-04-03,1.0
1078,POLY,2021-07-03,1.0
1079,POLY,2021-10-02,1.0
1080,PPC,2020-12-27,1.0
1081,PPC,2021-03-28,1.0
1082,PPC,2021-06-27,1.0
1083,PPC,2021-09-26,1.0
1084,PPL,2021-03-31,1.0
1085,PPL,2021-06-30,1.0
1086,PPL,2021-09-30,1.0
1087,PPL,2021-12-31,1.0
1088,PRGO,2020-12-31,1.0
1089,PRGO,2021-04-03,1.0
1090,PRGO,2021-07-03,1.0
1091,PRGO,2021-10-02,1.0
1092,PSX,2021-03-31,1.0
1093,PSX,2021-06-30,1.0
1094,PSX,2021-09-30,1.0
1095,PSX,2021-12-31,1.0
1096,PXD,2021-03-31,1.0
1097,PXD,2021-06-30,1.0
1098,PXD,2021-09-30,1.0
1099,PXD,2021-12-31,1.0
1100,QRVO,2021-01-02,1.0
1101,QRVO,2021-04-03,1.0
1102,QRVO,2021-07-03,1.0
1103,QRVO,2021-10-02,1.0
1104,REGI,2020-12-31,1.0
1105,REGI,2021-03-31,1.0
1106,REGI,2021-06-30,1.0
1107,REGI,2021-09-30,1.0
1108,REGN,2021-03-31,1.0
1109,REGN,2021-06-30,1.0
1110,REGN,2021-09-30,1.0
1111,REGN,2021-12-31,1.0
1112,REV,2020-12-31,1.0
1113,REV,2021-03-31,1.0
1114,REV,2021-06-30,1.0
1115,REV,2021-09-30,1.0
1116,REZI,2020-12-31,1.0
1117,REZI,2021-04-03,1.0
1118,REZI,2021-07-03,1.0
1119,REZI,2021-10-02,1.0
1120,RFP,2020-12-31,1.0
1121,RFP,2021-03-31,1.0
1122,RFP,2021-06-30,1.0
1123,RFP,2021-09-30,1.0
1124,RIG,2021-03-31,1.0
1125,RIG,2021-06-30,1.0
1126,RIG,2021-09-30,1.0
1127,RIG,2021-12-31,1.0
1128,ROLL,2021-04-03,1.0
1129,ROLL,2021-07-03,1.0
1130,ROLL,2021-10-02,1.0
1131,ROLL,2022-01-01,1.0
1132,ROP,2021-03-31,1.0
1133,ROP,2021-06-30,1.0
1134,ROP,2021-09-30,1.0
1135,ROP,2021-12-31,1.0
1136,RS,2021-03-31,1.0
1137,RS,2021-06-30,1.0
1138,RS,2021-09-30,1.0
1139,RS,2021-12-31,1.0
1140,RTX,2020-12-31,1.0
1141,RTX,2021-03-31,1.0
1142,RTX,2021-06-30,1.0
1143,RTX,2021-09-30,1.0
1144,SAN,2020-12-31,1.0
1145,SAN,2021-03-31,1.0
1146,SAN,2021-06-30,1.0
1147,SAN,2021-09-30,1.0
1148,SANM,2021-04-03,1.0
1149,SANM,2021-07-03,1.0
1150,SANM,2021-10-02,1.0
1151,SANM,2022-01-01,1.0
1152,SBUX,2021-03-28,1.0
1153,SBUX,2021-06-27,1.0
1154,SBUX,2021-10-03,1.0
1155,SBUX,2022-01-02,1.0
1156,SCS,2021-02-26,1.0
1157,SCS,2021-05-28,1.0
1158,SCS,2021-08-27,1.0
1159,SCS,2021-11-26,1.0
1160,SGMS,2020-12-31,1.0
1161,SGMS,2021-03-31,1.0
1162,SGMS,2021-06-30,1.0
1163,SGMS,2021-09-30,1.0
1164,SIG,2021-01-30,1.0
1165,SIG,2021-05-01,1.0
1166,SIG,2021-07-31,1.0
1167,SIG,2021-10-30,1.0
1168,SITE,2021-01-03,1.0
1169,SITE,2021-04-04,1.0
1170,SITE,2021-07-04,1.0
1171,SITE,2021-10-03,1.0
1172,SJM,2021-04-30,1.0
1173,SJM,2021-07-31,1.0
1174,SJM,2021-10-31,1.0
1175,SJM,2022-01-31,1.0
1176,SKM,2021-03-31,1.0
1177,SKM,2021-06-30,1.0
1178,SKM,2021-09-30,1.0
1179,SKM,2021-12-31,1.0
1180,SLVM,2020-09-30,1.0
1181,SLVM,2021-03-31,1.0
1182,SLVM,2021-06-30,1.0
1183,SLVM,2021-09-30,1.0
1184,SN.L,2020-09-30,1.2832794431961418
1185,SN.L,2020-12-31,1.3649155200605096
1186,SN.L,2021-04-03,1.378719408415987
1187,SN.L,2021-07-03,1.3747194865295396
1188,SNA,2021-04-03,1.0
1189,SNA,2021-07-03,1.0
1190,SNA,2021-10-02,1.0
1191,SNA,2022-01-01,1.0
1192,SNP,2020-12-31,1.0
1193,SNP,2021-03-31,1.0
1194,SNP,2021-06-30,1.0
1195,SNP,2021-09-30,1.0
1196,SNX,2021-02-28,1.0
1197,SNX,2021-05-31,1.0
1198,SNX,2021-08-31,1.0
1199,SNX,2021-11-30,1.0
1200,SOL.JO,2021-03-31,0.1261
1201,SOL.JO,2021-06-30,0.1261
1202,SOL.JO,2021-09-30,0.1261
1203,SOL.JO,2021-12-31,0.1261
1204,SOY.TO,2021-04-03,0.7943463853384731
1205,SOY.TO,2021-07-03,0.8055460925257204
1206,SOY.TO,2021-10-02,0.7892230235406177
1207,SOY.TO,2022-01-01,0.7869103036198152
1208,SQM,2020-12-31,1.0
1209,SQM,2021-03-31,1.0
1210,SQM,2021-06-30,1.0
1211,SQM,2021-09-30,1.0
1212,SRE,2020-12-31,1.0
1213,SRE,2021-03-31,1.0
1214,SRE,2021-06-30,1.0
1215,SRE,2021-09-30,1.0
1216,SSW.JO,2020-09-30,0.1261
1217,SSW.JO,2020-12-31,0.1261
1218,SSW.JO,2021-03-31,0.1261
1219,SSW.JO,2021-06-30,0.1261
1220,STE,2021-03-31,1.0
1221,STE,2021-06-30,1.0
1222,STE,2021-09-30,1.0
1223,STE,2021-12-31,1.0
1224,STLA,2020-09-30,1.0
1225,STLA,2020-12-31,1.0
1226,STLA,2021-03-31,1.0
1227,STLA,2021-06-30,1.0
1228,STLD,2021-03-31,1.0
1229,STLD,2021-06-30,1.0
1230,STLD,2021-09-30,1.0
1231,STLD,2021-12-31,1.0
1232,STM,2020-12-31,1.0
1233,STM,2021-04-03,1.0
1234,STM,2021-07-03,1.0
1235,STM,2021-10-02,1.0
1236,STZ,2021-02-28,1.0
1237,STZ,2021-05-31,1.0
1238,STZ,2021-08-31,1.0
1239,STZ,2021-11-30,1.0
1240,SU,2020-12-31,1.0
1241,SU,2021-03-31,1.0
1242,SU,2021-06-30,1.0
1243,SU,2021-09-30,1.0
1244,SWK,2021-01-02,1.0
1245,SWK,2021-04-03,1.0
1246,SWK,2021-07-03,1.0
1247,SWK,2021-10-02,1.0
1248,SWKS,2021-01-01,1.0
1249,SWKS,2021-04-02,1.0
1250,SWKS,2021-07-02,1.0
1251,SWKS,2021-10-01,1.0
1252,SWM,2021-03-31,1.0
1253,SWM,2021-06-30,1.0
1254,SWM,2021-09-30,1.0
1255,SWM,2021-12-31,1.0
1256,TAP,2020-12-31,1.0
1257,TAP,2021-03-31,1.0
1258,TAP,2021-06-30,1.0
1259,TAP,2021-09-30,1.0
1260,TDS,2021-03-31,1.0
1261,TDS,2021-06-30,1.0
1262,TDS,2021-09-30,1.0
1263,TDS,2021-12-31,1.0
1264,TDY,2021-01-03,1.0
1265,TDY,2021-04-04,1.0
1266,TDY,2021-07-04,1.0
1267,TDY,2021-10-03,1.0
1268,TECK-B.TO,2021-03-31,0.7931944256528211
1269,TECK-B.TO,2021-06-30,0.807227278902323
1270,TECK-B.TO,2021-09-30,0.7689744539059608
1271,TECK-B.TO,2021-12-31,0.7869103036198152
1272,TEL,2021-03-26,1.0
1273,TEL,2021-06-25,1.0
1274,TEL,2021-09-24,1.0
1275,TEL,2021-12-24,1.0
1276,TFX,2020-12-31,1.0
1277,TFX,2021-03-28,1.0
1278,TFX,2021-06-27,1.0
1279,TFX,2021-09-26,1.0
1280,TGI,2020-12-31,1.0
1281,TGI,2021-03-31,1.0
1282,TGI,2021-06-30,1.0
1283,TGI,2021-09-30,1.0
1284,THO,2021-01-31,1.0
1285,THO,2021-04-30,1.0
1286,THO,2021-07-31,1.0
1287,THO,2021-10-31,1.0
1288,TKR,2021-03-31,1.0
1289,TKR,2021-06-30,1.0
1290,TKR,2021-09-30,1.0
1291,TKR,2021-12-31,1.0
1292,TMHC,2020-12-31,1.0
1293,TMHC,2021-03-31,1.0
1294,TMHC,2021-06-30,1.0
1295,TMHC,2021-09-30,1.0
1296,TMO,2021-04-03,1.0
1297,TMO,2021-07-03,1.0
1298,TMO,2021-10-02,1.0
1299,TMO,2021-12-31,1.0
1300,TNC,2020-12-31,1.0
1301,TNC,2021-03-31,1.0
1302,TNC,2021-06-30,1.0
1303,TNC,2021-09-30,1.0
1304,TNL,2020-12-31,1.0
1305,TNL,2021-03-31,1.0
1306,TNL,2021-06-30,1.0
1307,TNL,2021-09-30,1.0
1308,TOL,2021-01-31,1.0
1309,TOL,2021-04-30,1.0
1310,TOL,2021-07-31,1.0
1311,TOL,2021-10-31,1.0
1312,TPH,2020-12-31,1.0
1313,TPH,2021-03-31,1.0
1314,TPH,2021-06-30,1.0
1315,TPH,2021-09-30,1.0
1316,TRMB,2021-01-01,1.0
1317,TRMB,2021-04-02,1.0
1318,TRMB,2021-07-02,1.0
1319,TRMB,2021-10-01,1.0
1320,TRS,2020-12-31,1.0
1321,TRS,2021-03-31,1.0
1322,TRS,2021-06-30,1.0
1323,TRS,2021-09-30,1.0
1324,TSLA,2020-12-31,1.0
1325,TSLA,2021-03-31,1.0
1326,TSLA,2021-06-30,1.0
1327,TSLA,2021-09-30,1.0
1328,TSN,2021-01-02,1.0
1329,TSN,2021-04-03,1.0
1330,TSN,2021-07-03,1.0
1331,TSN,2021-10-02,1.0
1332,TT,2020-12-31,1.0
1333,TT,2021-03-31,1.0
1334,TT,2021-06-30,1.0
1335,TT,2021-09-30,1.0
1336,TTC,2021-04-30,1.0
1337,TTC,2021-07-30,1.0
1338,TTC,2021-10-31,1.0
1339,TTC,2022-01-28,1.0
1340,TTE,2021-03-31,1.0
1341,TTE,2021-06-30,1.0
1342,TTE,2021-09-30,1.0
1343,TTE,2021-12-31,1.0
1344,TTMI,2021-03-29,1.0
1345,TTMI,2021-06-28,1.0
1346,TTMI,2021-09-27,1.0
1347,TTMI,2022-01-03,1.0
1348,TUP,2021-03-27,1.0
1349,TUP,2021-06-26,1.0
1350,TUP,2021-09-25,1.0
1351,TUP,2021-12-25,1.0
1352,TXN,2021-03-31,1.0
1353,TXN,2021-06-30,1.0
1354,TXN,2021-09-30,1.0
1355,TXN,2021-12-31,1.0
1356,TXT,2021-04-03,1.0
1357,TXT,2021-07-03,1.0
1358,TXT,2021-10-02,1.0
1359,TXT,2022-01-01,1.0
1360,UCTT,2020-12-25,1.0
1361,UCTT,2021-03-26,1.0
1362,UCTT,2021-06-25,1.0
1363,UCTT,2021-09-24,1.0
1364,UHS,2020-12-31,1.0
1365,UHS,2021-03-31,1.0
1366,UHS,2021-06-30,1.0
1367,UHS,2021-09-30,1.0
1368,USM,2021-03-31,1.0
1369,USM,2021-06-30,1.0
1370,USM,2021-09-30,1.0
1371,USM,2021-12-31,1.0
1372,UVV,2021-03-31,1.0
1373,UVV,2021-06-30,1.0
1374,UVV,2021-09-30,1.0
1375,UVV,2021-12-31,1.0
1376,VALE3.SA,2020-12-31,0.1925315760571115
1377,VALE3.SA,2021-03-31,0.17393819816345
1378,VALE3.SA,2021-06-30,0.2012531752751905
1379,VALE3.SA,2021-09-30,0.1848764988583928
1380,VIPS,2020-12-31,1.0
1381,VIPS,2021-03-31,1.0
1382,VIPS,2021-06-30,1.0
1383,VIPS,2021-09-30,1.0
1384,VLO,2021-03-31,1.0
1385,VLO,2021-06-30,1.0
1386,VLO,2021-09-30,1.0
1387,VLO,2021-12-31,1.0
1388,VMC,2021-03-31,1.0
1389,VMC,2021-06-30,1.0
1390,VMC,2021-09-30,1.0
1391,VMC,2021-12-31,1.0
1392,VMI,2020-12-26,1.0
1393,VMI,2021-03-27,1.0
1394,VMI,2021-06-26,1.0
1395,VMI,2021-09-25,1.0
1396,VREX,2021-04-02,1.0
1397,VREX,2021-07-02,1.0
1398,VREX,2021-10-01,1.0
1399,VREX,2021-12-31,1.0
1400,VSAT,2021-03-31,1.0
1401,VSAT,2021-06-30,1.0
1402,VSAT,2021-09-30,1.0
1403,VSAT,2021-12-31,1.0
1404,VSH,2021-04-03,1.0
1405,VSH,2021-07-03,1.0
1406,VSH,2021-10-02,1.0
1407,VSH,2021-12-31,1.0
1408,VSTO,2021-03-31,1.0
1409,VSTO,2021-06-27,1.0
1410,VSTO,2021-09-26,1.0
1411,VSTO,2021-12-26,1.0
1412,WAB,2021-03-31,1.0
1413,WAB,2021-06-30,1.0
1414,WAB,2021-09-30,1.0
1415,WAB,2021-12-31,1.0
1416,WDC,2021-04-02,1.0
1417,WDC,2021-07-02,1.0
1418,WDC,2021-10-01,1.0
1419,WDC,2021-12-31,1.0
1420,WEBR,2020-12-31,1.0
1421,WEBR,2021-06-30,1.0
1422,WEBR,2021-09-30,1.0
1423,WEBR,2021-12-31,1.0
1424,WEED.TO,2020-12-31,0.7849421096398644
1425,WEED.TO,2021-03-31,0.7931944256528211
1426,WEED.TO,2021-06-30,0.807227278902323
1427,WEED.TO,2021-09-30,0.7850169491525423
1428,WFG,2020-12-31,1.0
1429,WFG,2021-03-31,1.0
1430,WFG,2021-06-30,1.0
1431,WFG,2021-09-30,1.0
1432,WGO,2021-02-27,1.0
1433,WGO,2021-05-29,1.0
1434,WGO,2021-08-28,1.0
1435,WGO,2021-11-27,1.0
1436,WLK,2020-12-31,1.0
1437,WLK,2021-03-31,1.0
1438,WLK,2021-06-30,1.0
1439,WLK,2021-09-30,1.0
1440,WMS,2020-12-31,1.0
1441,WMS,2021-03-31,1.0
1442,WMS,2021-06-30,1.0
1443,WMS,2021-09-30,1.0
1444,WMT,2021-04-30,1.0
1445,WMT,2021-07-31,1.0
1446,WMT,2021-10-31,1.0
1447,WMT,2022-01-31,1.0
1448,WOR,2021-02-28,1.0
1449,WOR,2021-05-31,1.0
1450,WOR,2021-08-31,1.0
1451,WOR,2021-11-30,1.0
1452,WRK,2021-03-31,1.0
1453,WRK,2021-06-30,1.0
1454,WRK,2021-09-30,1.0
1455,WRK,2021-12-31,1.0
1456,WY,2021-03-31,1.0
1457,WY,2021-06-30,1.0
1458,WY,2021-09-30,1.0
1459,WY,2021-12-31,1.0
1460,XOM,2021-03-31,1.0
1461,XOM,2021-06-30,1.0
1462,XOM,2021-09-30,1.0
1463,XOM,2021-12-31,1.0
1464,XRAY,2020-12-31,1.0
1465,XRAY,2021-03-31,1.0
1466,XRAY,2021-06-30,1.0
1467,XRAY,2021-09-30,1.0
1468,XRX,2020-12-31,1.0
1469,XRX,2021-03-31,1.0
1470,XRX,2021-06-30,1.0
1471,XRX,2021-09-30,1.0
1472,YRI.TO,2020-12-31,0.7849421096398644
1473,YRI.TO,2021-03-31,0.7931944256528211
1474,YRI.TO,2021-06-30,0.807227278902323
1475,YRI.TO,2021-09-30,0.7850169491525423
1476,ZBH,2021-03-31,1.0
1477,ZBH,2021-06-30,1.0
1478,ZBH,2021-09-30,1.0
1479,ZBH,2021-12-31,1.0
1480,ZBRA,2020-12-31,1.0
1481,ZBRA,2021-04-03,1.0
1482,ZBRA,2021-07-03,1.0
1483,ZBRA,2021-10-02,1.0
1484,ZWS,2021-03-31,1.0
1485,ZWS,2021-06-30,1.0
1486,ZWS,2021-09-30,1.0
1487,ZWS,2021-12-31,1.0
